{
  "edge_feature_dim": 15,
  "edge_features": [
    [
      1.0,
      1.0,
      0.2230448921378274,
      0.004,
      1.0,
      1.0,
      1.0,
      0.0,
      1.0,
      0.0,
      0.5,
      0.0,
      0.0,
      0.0,
      0.0
    ],
    [
      1.0,
      1.0,
      0.2230448921378274,
      0.004,
      1.0,
      1.0,
      1.0,
      0.0,
      1.0,
      0.0,
      0.5,
      0.0,
      0.0,
      0.0,
      0.0
    ],
    [
      1.0,
      1.0,
      0.2230448921378274,
      0.004,
      1.0,
      1.0,
      1.0,
      0.0,
      1.0,
      0.0,
      0.5,
      0.0,
      0.0,
      0.0,
      0.0
    ],
    [
      1.0,
      1.0,
      0.2230448921378274,
      0.004,
      1.0,
      1.0,
      1.0,
      0.0,
      1.0,
      0.0,
      0.5,
      0.0,
      0.0,
      0.0,
      0.0
    ],
    [
      1.0,
      1.0,
      0.2230448921378274,
      0.004,
      1.0,
      1.0,
      1.0,
      0.0,
      1.0,
      0.0,
      0.5,
      0.0,
      0.0,
      0.0,
      0.0
    ],
    [
      1.0,
      1.0,
      0.14313637641589874,
      0.002,
      0.0,
      1.0,
      0.527027027027027,
      0.0,
      1.0,
      1.0,
      0.5,
      0.0,
      0.0,
      0.0,
      0.0
    ],
    [
      1.0,
      1.0,
      0.14313637641589874,
      0.002,
      0.0,
      1.0,
      0.8783783783783784,
      0.0,
      1.0,
      1.0,
      0.5,
      0.0,
      0.0,
      0.0,
      0.0
    ],
    [
      1.0,
      1.0,
      0.6141806782877614,
      0.014,
      0.2857142857142857,
      1.0,
      0.04210881823097562,
      0.0,
      1.0,
      0.8333333333333334,
      0.5,
      0.0,
      0.0,
      0.0,
      0.0
    ],
    [
      1.0,
      1.0,
      0.2230448921378274,
      0.004,
      1.0,
      1.0,
      1.0,
      0.0,
      1.0,
      0.0,
      0.5,
      0.0,
      0.0,
      0.0,
      0.0
    ],
    [
      1.0,
      1.0,
      0.2230448921378274,
      0.004,
      1.0,
      1.0,
      1.0,
      0.0,
      1.0,
      0.0,
      0.5,
      0.0,
      0.0,
      0.0,
      0.0
    ],
    [
      1.0,
      1.0,
      0.2230448921378274,
      0.004,
      1.0,
      1.0,
      1.0,
      0.0,
      1.0,
      0.0,
      0.5,
      0.0,
      0.0,
      0.0,
      0.0
    ],
    [
      1.0,
      1.0,
      0.2230448921378274,
      0.004,
      1.0,
      1.0,
      1.0,
      0.0,
      1.0,
      0.0,
      0.5,
      0.0,
      0.0,
      0.0,
      0.0
    ],
    [
      1.0,
      1.0,
      0.14313637641589874,
      0.002,
      0.0,
      1.0,
      0.527027027027027,
      0.0,
      1.0,
      1.0,
      0.5,
      0.0,
      0.0,
      0.0,
      0.0
    ],
    [
      1.0,
      1.0,
      0.14313637641589874,
      0.002,
      0.0,
      1.0,
      0.8783783783783784,
      0.0,
      1.0,
      1.0,
      0.5,
      0.0,
      0.0,
      0.0,
      0.0
    ],
    [
      1.0,
      1.0,
      0.6141806782877614,
      0.014,
      0.2857142857142857,
      1.0,
      0.04210881823097562,
      0.0,
      1.0,
      0.8333333333333334,
      0.5,
      0.0,
      0.0,
      0.0,
      0.0
    ],
    [
      1.0,
      1.0,
      0.2230448921378274,
      0.004,
      1.0,
      1.0,
      1.0,
      0.0,
      1.0,
      0.0,
      0.5,
      0.0,
      0.0,
      0.0,
      0.0
    ],
    [
      1.0,
      1.0,
      0.2230448921378274,
      0.004,
      1.0,
      1.0,
      1.0,
      0.0,
      1.0,
      0.0,
      0.5,
      0.0,
      0.0,
      0.0,
      0.0
    ],
    [
      1.0,
      1.0,
      0.2230448921378274,
      0.004,
      1.0,
      1.0,
      1.0,
      0.0,
      1.0,
      0.0,
      0.5,
      0.0,
      0.0,
      0.0,
      0.0
    ],
    [
      1.0,
      1.0,
      0.14313637641589874,
      0.002,
      0.0,
      1.0,
      0.527027027027027,
      0.0,
      1.0,
      1.0,
      0.5,
      0.0,
      0.0,
      0.0,
      0.0
    ],
    [
      1.0,
      1.0,
      0.14313637641589874,
      0.002,
      0.0,
      1.0,
      0.8783783783783784,
      0.0,
      1.0,
      1.0,
      0.5,
      0.0,
      0.0,
      0.0,
      0.0
    ],
    [
      1.0,
      1.0,
      0.6141806782877614,
      0.014,
      0.2857142857142857,
      1.0,
      0.04210881823097562,
      0.0,
      1.0,
      0.8333333333333334,
      0.5,
      0.0,
      0.0,
      0.0,
      0.0
    ],
    [
      1.0,
      1.0,
      0.2230448921378274,
      0.004,
      1.0,
      1.0,
      1.0,
      0.0,
      1.0,
      0.0,
      0.5,
      0.0,
      0.0,
      0.0,
      0.0
    ],
    [
      1.0,
      1.0,
      0.2230448921378274,
      0.004,
      1.0,
      1.0,
      1.0,
      0.0,
      1.0,
      0.0,
      0.5,
      0.0,
      0.0,
      0.0,
      0.0
    ],
    [
      1.0,
      1.0,
      0.14313637641589874,
      0.002,
      0.0,
      1.0,
      0.527027027027027,
      0.0,
      1.0,
      1.0,
      0.5,
      0.0,
      0.0,
      0.0,
      0.0
    ],
    [
      1.0,
      1.0,
      0.14313637641589874,
      0.002,
      0.0,
      1.0,
      0.8783783783783784,
      0.0,
      1.0,
      1.0,
      0.5,
      0.0,
      0.0,
      0.0,
      0.0
    ],
    [
      1.0,
      1.0,
      0.6141806782877614,
      0.014,
      0.2857142857142857,
      1.0,
      0.04210881823097562,
      0.0,
      1.0,
      0.8333333333333334,
      0.5,
      0.0,
      0.0,
      0.0,
      0.0
    ],
    [
      1.0,
      1.0,
      0.2230448921378274,
      0.004,
      1.0,
      1.0,
      1.0,
      0.0,
      1.0,
      0.0,
      0.5,
      0.0,
      0.0,
      0.0,
      0.0
    ],
    [
      1.0,
      1.0,
      0.14313637641589874,
      0.002,
      0.0,
      1.0,
      0.527027027027027,
      0.0,
      1.0,
      1.0,
      0.5,
      0.0,
      0.0,
      0.0,
      0.0
    ],
    [
      1.0,
      1.0,
      0.14313637641589874,
      0.002,
      0.0,
      1.0,
      0.8783783783783784,
      0.0,
      1.0,
      1.0,
      0.5,
      0.0,
      0.0,
      0.0,
      0.0
    ],
    [
      1.0,
      1.0,
      0.6141806782877614,
      0.014,
      0.2857142857142857,
      1.0,
      0.04210881823097562,
      0.0,
      1.0,
      0.8333333333333334,
      0.5,
      0.0,
      0.0,
      0.0,
      0.0
    ],
    [
      1.0,
      1.0,
      0.14313637641589874,
      0.002,
      0.0,
      1.0,
      0.527027027027027,
      0.0,
      1.0,
      1.0,
      0.5,
      0.0,
      0.0,
      0.0,
      0.0
    ],
    [
      1.0,
      1.0,
      0.14313637641589874,
      0.002,
      0.0,
      1.0,
      0.8783783783783784,
      0.0,
      1.0,
      1.0,
      0.5,
      0.0,
      0.0,
      0.0,
      0.0
    ],
    [
      1.0,
      1.0,
      0.6141806782877614,
      0.014,
      0.2857142857142857,
      1.0,
      0.04210881823097562,
      0.0,
      1.0,
      0.8333333333333334,
      0.5,
      0.0,
      0.0,
      0.0,
      0.0
    ],
    [
      1.0,
      1.0,
      0.06989700043360189,
      0.0,
      0.5,
      1.0,
      0.6,
      0.0,
      1.0,
      0.0,
      0.5,
      0.0,
      0.0,
      0.0,
      0.0
    ],
    [
      1.0,
      1.0,
      0.5328895149449321,
      0.012,
      0.0,
      1.0,
      0.022192485283892557,
      0.0,
      1.0,
      1.0,
      0.5,
      0.0,
      0.0,
      0.0,
      0.0
    ],
    [
      1.0,
      1.0,
      0.5328895149449321,
      0.012,
      0.0,
      1.0,
      0.036987475473154265,
      0.0,
      1.0,
      1.0,
      0.5,
      0.0,
      0.0,
      0.0,
      0.0
    ]
  ],