{
  "edge_feature_dim": 15,
  "edge_features": [
    [
      1.0,
      1.0,
      0.06989700043360189,
      0.001,
      0.0,
      1.0,
      0.6,
      0.0,
      1.0,
      1.0,
      0.5,
      0.0,
      0.0,
      0.0,
      0.0
    ],
    [
      1.0,
      1.0,
      0.06989700043360189,
      0.001,
      0.0,
      1.0,
      1.0,
      0.0,
      1.0,
      1.0,
      0.5,
      0.0,
      0.0,
      0.0,
      0.0
    ],
    [
      1.0,
      1.0,
      0.541991776670314,
      0.021,
      0.09523809523809523,
      1.0,
      0.49760974147666204,
      0.0,
      1.0,
      0.95,
      0.5,
      0.0,
      0.0,
      0.0,
      0.0
    ],
    [
      1.0,
      1.0,
      0.06989700043360189,
      0.0,
      0.5,
      1.0,
      0.6,
      0.0,
      1.0,
      0.0,
      0.5,
      0.0,
      0.0,
      0.0,
      0.0
    ],
    [
      1.0,
      1.0,
      0.541991776670314,
      0.02,
      0.0,
      1.0,
      0.29856584488599724,
      0.0,
      1.0,
      1.0,
      0.5,
      0.0,
      0.0,
      0.0,
      0.0
    ],
    [
      1.0,
      1.0,
      0.541991776670314,
      0.02,
      0.0,
      1.0,
      0.49760974147666204,
      0.0,
      1.0,
      1.0,
      0.5,
      0.0,
      0.0,
      0.0,
      0.0
    ]
  ],
  "edge_index": [
    [
      28,
      28,
      28,
      29,
      29,
      30
    ],
    [
      29,
      30,
      57,
      30,
      57,
      57
    ]
  ],
  "is_terminal": false,
  "iteration": 26,
  "node_feature_dim": 20,
  "num_active_systems": 4,
  "num_edges": 6,
  "reward_signals": {
    "avg_f_change": 2.4070420388522855,
    "branching_factor": 2.881004350206863,
    "causal_graph": {
      "are_adjacent": false,
      "causal_proximity": 0.5,
      "interpretation": "Adjacent in causal graph = better operator projection",
      "metric_name": "Causal Graph Proximity"
    },
    "causal_proximity_score": 0.5,
    "composite_merge_quality": 0.44999999999999996,
    "dead_end_ratio": 0.0,
    "delta_states": -65520,
    "did_shrink": true,
    "f_preservation_score": 0.6543052706287029,
    "f_stability_score": 0.7663148896338142,
    "f_stats": {
      "max": 37,
      "mean": 22.18951435046466,
      "min": 0,
      "std": 1.3396272962024083,
      "valid_count": 131494
    },
    "f_value_stability": 0.8783245086389255,
    "gb_error": 1.0,
    "greedy_bisimulation": {
      "gb_error": 1.0,
      "interpretation": "Low error (0-0.2) = h-values compatible = GOOD",
      "metric_name": "Greedy Bisimulation Error",
      "violates_gb": true
    },
    "growth_ratio": 0.6674348015877044,
    "h_star_after": 21,
    "h_star_before": 21,
    "h_star_delta": 0,
    "h_star_preservation": 1.0,
    "is_bad_merge": false,
    "is_good_merge": true,
    "is_solvable": true,
    "label_combinability": {
      "collapsible_label_count": 40,
      "combinability_score": 1.0,
      "interpretation": "High score = labels will collapse post-merge = GOOD",
      "metric_name": "Label Combinability"
    },
    "label_combinability_score": 1.0,
    "label_support": {
      "interpretation": "High (>0.6) = variables entangled = merge preserves constraints",
      "metric_name": "Label Support Overlap",
      "support_overlap": 1.0
    },
    "label_support_overlap": 1.0,
    "landmark_preservation": 1.0,
    "max_f_change": 2.4070420388522855,
    "merge_quality_score": 0.9332565198412295,
    "merged_size": 131494,
    "nodes_expanded": 131494,
    "num_active_systems": 4,
    "num_significant_f_changes": 1,
    "operator_costs": {
      "cost_variance_score": 1.0,
      "metric_name": "Operator Cost Variance"
    },
    "operator_projection": {
      "interpretation": "High (>0.7) = many projectable operators = GOOD merge",
      "metric_name": "Operator Projection Potential",
      "opp_score": 0.0
    },
    "opp_score": 0.0,
    "reachability_ratio": 1.0,
    "search_depth": 5.75,
    "search_efficiency_score": 0.0,
    "shrinkability": 0.3325651984122956,
    "solution_cost": 0,
    "solution_found": true,
    "solution_quality_score": 1.0,
    "state_control_score": 1.0,
    "state_explosion_penalty": 0.0,
    "states_after": 131494,
    "states_before": 197014,
    "theoretical_product_size": 197014,
    "total_dead_ends": 0,
    "total_goal_states": 8195,
    "total_reachable": 131494,
    "total_states": 131494,
    "total_transitions": 660611,
    "transition_density": 5.023887021461055,
    "transition_density_ratio": 1.0,
    "transition_explosion": {
      "density_ratio": 1.0,
      "interpretation": "Low ratio (<0.3) = good, High (>0.7) = explosion risk",
      "metric_name": "Transition Explosion Prediction"
    },
    "transition_growth": 1.0,
    "weighted_h_preservation": 1.0,
    "weighted_shrinkability": 0.8325651984122956,
    "weighted_solvability": 1.0,
    "weighted_state_control": 1.0,
    "weighted_total_score": 0.9581412996030739,
    "weights": {
      "h_preservation": 0.4,
      "shrinkability": 0.25,
      "solvability": 0.15,
      "state_control": 0.2
    }
  },
  "timestamp": 1766158881,
  "x": [
    [
      1.5210513083729893e-05,
      0.1666666716337204,
      1.0,
      0.3333333432674408,
      0.0,
      0.05000000074505806,
      0.0,
      1.0,
      1.0,
      0.0,
      0.0,
      0.0,
      0.0,
      0.0,
      0.0,
      0.0,
      0.0,
      0.0,
      0.0,
      0.0
    ],
    [
      1.5210513083729893e-05,
      0.1666666716337204,
      1.0,
      0.0,
      0.0,
      0.05000000074505806,
      0.0,
      1.0,
      1.0,
      0.0,
      0.0,
      0.0,
      0.0,
      0.0,
      0.0,
      0.0,
      0.0,
      0.0,
      0.0,
      0.0
    ],
    [
      1.5210513083729893e-05,
      0.1666666716337204,
      1.0,
      0.0,
      0.0,
      0.05000000074505806,
      0.0,
      1.0,
      1.0,
      0.0,
      0.0,
      0.0,
      0.0,
      0.0,
      0.0,
      0.0,
      0.0,
      0.0,
      0.0,
      0.0
    ],
    [
      1.0,
      2.1199213733780198e-05,
      1.0,
      0.0001521039812359959,
      0.0,
      1.0,
      0.0,
      1.0,
      1.0,
      0.0,
      0.0,
      0.0,
      0.0,
      0.0,
      0.0,
      0.0,
      0.0,
      0.0,
      0.0,
      0.0
    ]
  ]
}