{
  "edge_feature_dim": 15,
  "edge_features": [],
  "edge_index": [
    [],
    []
  ],
  "is_terminal": true,
  "iteration": 23,
  "node_feature_dim": 20,
  "num_active_systems": 1,
  "num_edges": 0,
  "reward_signals": {
    "avg_f_change": 0.690554540524893,
    "branching_factor": 8.604181725226098,
    "dead_end_ratio": 0.0,
    "delta_states": 29312,
    "did_shrink": false,
    "f_preservation_score": 0.7289557566245505,
    "f_stability_score": 0.8465147558748053,
    "f_stats": {
      "max": 31,
      "mean": 19.91200512431759,
      "min": 18,
      "std": 1.477449037888692,
      "valid_count": 170169
    },
    "f_value_stability": 0.9640737551250601,
    "growth_ratio": 1.1976294178724092,
    "h_star_after": 18,
    "h_star_before": 18,
    "h_star_delta": 0,
    "h_star_preservation": 1.0,
    "is_bad_merge": false,
    "is_good_merge": true,
    "is_solvable": true,
    "max_f_change": 0.690554540524893,
    "merge_quality_score": 0.8266293997419545,
    "merged_size": 177630,
    "nodes_expanded": 170169,
    "num_active_systems": 1,
    "num_significant_f_changes": 0,
    "reachability_ratio": 0.9579969599729775,
    "search_depth": 19.0,
    "search_efficiency_score": 0.04200304002702249,
    "shrinkability": -0.19762941787240917,
    "solution_cost": 18,
    "solution_found": true,
    "solution_quality_score": 0.982,
    "state_control_score": 0.7686685784499803,
    "state_explosion_penalty": 0.19762941787240917,
    "states_after": 177630,
    "states_before": 148318,
    "theoretical_product_size": 148318,
    "total_dead_ends": 0,
    "total_goal_states": 1280,
    "total_reachable": 170169,
    "total_states": 177630,
    "total_transitions": 1464165,
    "transition_density": 8.242779935821652,
    "transition_growth": 1.0,
    "weighted_h_preservation": 1.0,
    "weighted_shrinkability": 0.3023705821275908,
    "weighted_solvability": 1.0,
    "weighted_state_control": 0.7686685784499803,
    "weighted_total_score": 0.7793263612218938,
    "weights": {
      "h_preservation": 0.4,
      "shrinkability": 0.25,
      "solvability": 0.15,
      "state_control": 0.2
    }
  },
  "timestamp": 1766159171,
  "x": [
    [
      1.0,
      2.052189302048646e-05,
      0.9997297525405884,
      0.00010133366595255211,
      0.0,
      1.0,
      0.0,
      0.9579969644546509,
      0.9997297525405884,
      0.0,
      0.0,
      0.0,
      0.0,
      0.0,
      0.0,
      0.0,
      0.0,
      0.0,
      0.0,
      0.0
    ]
  ]
}