{
  "edge_feature_dim": 15,
  "edge_features": [
    [
      1.0,
      1.0,
      0.24099331233312946,
      0.004,
      1.0,
      1.0,
      1.0,
      0.0,
      1.0,
      0.0,
      0.5,
      0.0,
      0.0,
      0.0,
      0.0
    ],
    [
      1.0,
      1.0,
      0.15185139398778874,
      0.003,
      0.6666666666666667,
      1.0,
      0.8695652173913043,
      0.0,
      1.0,
      0.5,
      0.5,
      0.0,
      0.0,
      0.0,
      0.0
    ],
    [
      1.0,
      1.0,
      0.15185139398778874,
      0.002,
      0.0,
      1.0,
      0.5217391304347826,
      0.0,
      1.0,
      1.0,
      0.5,
      0.0,
      0.0,
      0.0,
      0.0
    ],
    [
      1.0,
      1.0,
      0.15185139398778874,
      0.002,
      0.0,
      1.0,
      0.8695652173913043,
      0.0,
      1.0,
      1.0,
      0.5,
      0.0,
      0.0,
      0.0,
      0.0
    ],
    [
      1.0,
      1.0,
      0.6322847739590832,
      0.018,
      0.2222222222222222,
      1.0,
      0.12163409217977345,
      0.0,
      1.0,
      0.875,
      0.5,
      0.0,
      0.0,
      0.0,
      0.0
    ],
    [
      1.0,
      1.0,
      0.15185139398778874,
      0.003,
      0.6666666666666667,
      1.0,
      0.8695652173913043,
      0.0,
      1.0,
      0.5,
      0.5,
      0.0,
      0.0,
      0.0,
      0.0
    ],
    [
      1.0,
      1.0,
      0.15185139398778874,
      0.002,
      0.0,
      1.0,
      0.5217391304347826,
      0.0,
      1.0,
      1.0,
      0.5,
      0.0,
      0.0,
      0.0,
      0.0
    ],
    [
      1.0,
      1.0,
      0.15185139398778874,
      0.002,
      0.0,
      1.0,
      0.8695652173913043,
      0.0,
      1.0,
      1.0,
      0.5,
      0.0,
      0.0,
      0.0,
      0.0
    ],
    [
      1.0,
      1.0,
      0.6322847739590832,
      0.018,
      0.2222222222222222,
      1.0,
      0.12163409217977345,
      0.0,
      1.0,
      0.875,
      0.5,
      0.0,
      0.0,
      0.0,
      0.0
    ],
    [
      1.0,
      1.0,
      0.06989700043360189,
      0.001,
      0.0,
      1.0,
      0.6,
      0.0,
      1.0,
      1.0,
      0.5,
      0.0,
      0.0,
      0.0,
      0.0
    ],
    [
      1.0,
      1.0,
      0.06989700043360189,
      0.001,
      0.0,
      1.0,
      1.0,
      0.0,
      1.0,
      1.0,
      0.5,
      0.0,
      0.0,
      0.0,
      0.0
    ],
    [
      1.0,
      1.0,
      0.5419759198151455,
      0.017,
      0.11764705882352944,
      1.0,
      0.10576877580849864,
      0.0,
      1.0,
      0.9375,
      0.5,
      0.0,
      0.0,
      0.0,
      0.0
    ],
    [
      1.0,
      1.0,
      0.06989700043360189,
      0.0,
      0.5,
      1.0,
      0.6,
      0.0,
      1.0,
      0.0,
      0.5,
      0.0,
      0.0,
      0.0,
      0.0
    ],
    [
      1.0,
      1.0,
      0.5419759198151455,
      0.016,
      0.0,
      1.0,
      0.06346126548509919,
      0.0,
      1.0,
      1.0,
      0.5,
      0.0,
      0.0,
      0.0,
      0.0
    ],
    [
      1.0,
      1.0,
      0.5419759198151455,
      0.016,
      0.0,
      1.0,
      0.10576877580849864,
      0.0,
      1.0,
      1.0,
      0.5,
      0.0,
      0.0,
      0.0,
      0.0
    ]
  ],
  "edge_index": [
    [
      26,
      26,
      26,
      26,
      26,
      27,
      27,
      27,
      27,
      28,
      28,
      28,
      29,
      29,
      30
    ],
    [
      27,
      28,
      29,
      30,
      55,
      28,
      29,
      30,
      55,
      29,
      30,
      55,
      30,
      55,
      55
    ]
  ],
  "is_terminal": false,
  "iteration": 24,
  "node_feature_dim": 20,
  "num_active_systems": 6,
  "num_edges": 15,
  "reward_signals": {
    "avg_f_change": 1.0097355373009407,
    "branching_factor": 5.981077551227429,
    "causal_graph": {
      "are_adjacent": false,
      "causal_proximity": 0.5,
      "interpretation": "Adjacent in causal graph = better operator projection",
      "metric_name": "Causal Graph Proximity"
    },
    "causal_proximity_score": 0.5,
    "composite_merge_quality": 0.65,
    "dead_end_ratio": 0.0,
    "delta_states": -65552,
    "did_shrink": true,
    "f_preservation_score": 0.8737461862513607,
    "f_stability_score": 0.9082594674631306,
    "f_stats": {
      "max": 33,
      "mean": 18.654048586075238,
      "min": 0,
      "std": 1.111251024103221,
      "valid_count": 131478
    },
    "f_value_stability": 0.9427727486749005,
    "gb_error": 0.0,
    "greedy_bisimulation": {
      "gb_error": 0.0,
      "interpretation": "Low error (0-0.2) = h-values compatible = GOOD",
      "metric_name": "Greedy Bisimulation Error",
      "violates_gb": false
    },
    "growth_ratio": 0.6672993960310613,
    "h_star_after": 21,
    "h_star_before": 22,
    "h_star_delta": -1,
    "h_star_preservation": 0.9545454545454546,
    "is_bad_merge": false,
    "is_good_merge": true,
    "is_solvable": true,
    "label_combinability": {
      "collapsible_label_count": 96,
      "combinability_score": 1.0,
      "interpretation": "High score = labels will collapse post-merge = GOOD",
      "metric_name": "Label Combinability"
    },
    "label_combinability_score": 1.0,
    "label_support": {
      "interpretation": "High (>0.6) = variables entangled = merge preserves constraints",
      "metric_name": "Label Support Overlap",
      "support_overlap": 1.0
    },
    "label_support_overlap": 1.0,
    "landmark_preservation": 1.0,
    "max_f_change": 1.0097355373009407,
    "merge_quality_score": 0.917360969487803,
    "merged_size": 131478,
    "nodes_expanded": 131478,
    "num_active_systems": 6,
    "num_significant_f_changes": 0,
    "operator_costs": {
      "cost_variance_score": 1.0,
      "metric_name": "Operator Cost Variance"
    },
    "operator_projection": {
      "interpretation": "High (>0.7) = many projectable operators = GOOD merge",
      "metric_name": "Operator Projection Potential",
      "opp_score": 0.0
    },
    "opp_score": 0.0,
    "reachability_ratio": 1.0,
    "search_depth": 4.0,
    "search_efficiency_score": 0.0,
    "shrinkability": 0.33270060396893875,
    "solution_cost": 0,
    "solution_found": true,
    "solution_quality_score": 1.0,
    "state_control_score": 1.0,
    "state_explosion_penalty": 0.0,
    "states_after": 131478,
    "states_before": 197030,
    "theoretical_product_size": 197030,
    "total_dead_ends": 0,
    "total_goal_states": 8197,
    "total_reachable": 131478,
    "total_states": 131478,
    "total_transitions": 3106882,
    "transition_density": 23.630432467789287,
    "transition_density_ratio": 1.0,
    "transition_explosion": {
      "density_ratio": 1.0,
      "interpretation": "Low ratio (<0.3) = good, High (>0.7) = explosion risk",
      "metric_name": "Transition Explosion Prediction"
    },
    "transition_growth": 1.0,
    "weighted_h_preservation": 0.9545454545454546,
    "weighted_shrinkability": 0.8327006039689387,
    "weighted_solvability": 1.0,
    "weighted_state_control": 1.0,
    "weighted_total_score": 0.9399933328104165,
    "weights": {
      "h_preservation": 0.4,
      "shrinkability": 0.25,
      "solvability": 0.15,
      "state_control": 0.2
    }
  },
  "timestamp": 1766158879,