{
  "edge_feature_dim": 15,
  "edge_features": [
    [
      1.0,
      1.0,
      0.2230448921378274,
      0.004,
      1.0,
      1.0,
      1.0,
      0.0,
      1.0,
      0.0,
      0.5,
      0.0,
      0.0,
      0.0,
      0.0
    ],
    [
      1.0,
      1.0,
      0.2230448921378274,
      0.004,
      1.0,
      1.0,
      1.0,
      0.0,
      1.0,
      0.0,
      0.5,
      0.0,
      0.0,
      0.0,
      0.0
    ],
    [
      1.0,
      1.0,
      0.2230448921378274,
      0.004,
      1.0,
      1.0,
      1.0,
      0.0,
      1.0,
      0.0,
      0.5,
      0.0,
      0.0,
      0.0,
      0.0
    ],
    [
      1.0,
      1.0,
      0.2230448921378274,
      0.004,
      1.0,
      1.0,
      1.0,
      0.0,
      1.0,
      0.0,
      0.5,
      0.0,
      0.0,
      0.0,
      0.0
    ],
    [
      1.0,
      1.0,
      0.2230448921378274,
      0.004,
      1.0,
      1.0,
      1.0,
      0.0,
      1.0,
      0.0,
      0.5,
      0.0,
      0.0,
      0.0,
      0.0
    ],
    [
      1.0,
      1.0,
      0.2230448921378274,
      0.004,
      1.0,
      1.0,
      1.0,
      0.0,
      1.0,
      0.0,
      0.5,
      0.0,
      0.0,
      0.0,
      0.0
    ],
    [
      1.0,
      1.0,
      0.2230448921378274,
      0.004,
      1.0,
      1.0,
      1.0,
      0.0,
      1.0,
      0.0,
      0.5,
      0.0,
      0.0,
      0.0,
      0.0
    ],
    [
      1.0,
      1.0,
      0.14313637641589874,
      0.002,
      0.0,
      1.0,
      0.527027027027027,
      0.0,
      1.0,
      1.0,
      0.5,
      0.0,
      0.0,
      0.0,
      0.0
    ],
    [
      1.0,
      1.0,
      0.14313637641589874,
      0.002,
      0.0,
      1.0,
      0.8783783783783784,
      0.0,
      1.0,
      1.0,
      0.5,
      0.0,
      0.0,
      0.0,
      0.0
    ],
    [
      1.0,
      1.0,
      0.6016832849421293,
      0.01,
      0.4,
      1.0,
      0.03788508577400356,
      0.0,
      1.0,
      0.75,
      0.5,
      0.0,
      0.0,
      0.0,
      0.0
    ],
    [
      1.0,
      1.0,
      0.2230448921378274,
      0.004,
      1.0,
      1.0,
      1.0,
      0.0,
      1.0,
      0.0,
      0.5,
      0.0,
      0.0,
      0.0,
      0.0
    ],
    [
      1.0,
      1.0,
      0.2230448921378274,
      0.004,
      1.0,
      1.0,
      1.0,
      0.0,
      1.0,
      0.0,
      0.5,
      0.0,
      0.0,
      0.0,
      0.0
    ],
    [
      1.0,
      1.0,
      0.2230448921378274,
      0.004,
      1.0,
      1.0,
      1.0,
      0.0,
      1.0,
      0.0,
      0.5,
      0.0,
      0.0,
      0.0,
      0.0
    ],
    [
      1.0,
      1.0,
      0.2230448921378274,
      0.004,
      1.0,
      1.0,
      1.0,
      0.0,
      1.0,
      0.0,
      0.5,
      0.0,
      0.0,
      0.0,
      0.0
    ],
    [
      1.0,
      1.0,
      0.2230448921378274,
      0.004,
      1.0,
      1.0,
      1.0,
      0.0,
      1.0,
      0.0,
      0.5,
      0.0,
      0.0,
      0.0,
      0.0
    ],
    [
      1.0,
      1.0,
      0.2230448921378274,
      0.004,
      1.0,
      1.0,
      1.0,
      0.0,
      1.0,
      0.0,
      0.5,
      0.0,
      0.0,
      0.0,
      0.0
    ],
    [
      1.0,
      1.0,
      0.14313637641589874,
      0.002,
      0.0,
      1.0,
      0.527027027027027,
      0.0,
      1.0,
      1.0,
      0.5,
      0.0,
      0.0,
      0.0,
      0.0
    ],
    [
      1.0,
      1.0,
      0.14313637641589874,
      0.002,
      0.0,
      1.0,
      0.8783783783783784,
      0.0,
      1.0,
      1.0,
      0.5,
      0.0,
      0.0,
      0.0,
      0.0
    ],
    [
      1.0,
      1.0,
      0.6016832849421293,
      0.01,
      0.4,
      1.0,
      0.03788508577400356,
      0.0,
      1.0,
      0.75,
      0.5,
      0.0,
      0.0,
      0.0,
      0.0
    ],
    [
      1.0,
      1.0,
      0.2230448921378274,
      0.004,
      1.0,
      1.0,
      1.0,
      0.0,
      1.0,
      0.0,
      0.5,
      0.0,
      0.0,
      0.0,
      0.0
    ],
    [
      1.0,
      1.0,
      0.2230448921378274,
      0.004,
      1.0,
      1.0,
      1.0,
      0.0,
      1.0,
      0.0,
      0.5,
      0.0,
      0.0,
      0.0,
      0.0
    ],
    [
      1.0,
      1.0,
      0.2230448921378274,
      0.004,
      1.0,
      1.0,
      1.0,
      0.0,
      1.0,
      0.0,
      0.5,
      0.0,
      0.0,
      0.0,
      0.0
    ],
    [
      1.0,
      1.0,
      0.2230448921378274,
      0.004,
      1.0,
      1.0,
      1.0,
      0.0,
      1.0,
      0.0,
      0.5,
      0.0,
      0.0,
      0.0,
      0.0
    ],
    [
      1.0,
      1.0,
      0.2230448921378274,
      0.004,
      1.0,
      1.0,
      1.0,
      0.0,
      1.0,
      0.0,
      0.5,
      0.0,
      0.0,
      0.0,
      0.0
    ],
    [
      1.0,
      1.0,
      0.14313637641589874,
      0.002,
      0.0,
      1.0,
      0.527027027027027,
      0.0,
      1.0,
      1.0,
      0.5,
      0.0,
      0.0,
      0.0,
      0.0
    ],
    [
      1.0,
      1.0,
      0.14313637641589874,
      0.002,
      0.0,
      1.0,
      0.8783783783783784,
      0.0,
      1.0,
      1.0,
      0.5,
      0.0,
      0.0,
      0.0,
      0.0
    ],
    [
      1.0,
      1.0,
      0.6016832849421293,
      0.01,
      0.4,
      1.0,
      0.03788508577400356,
      0.0,
      1.0,
      0.75,
      0.5,
      0.0,
      0.0,
      0.0,
      0.0
    ],
    [
      1.0,
      1.0,
      0.2230448921378274,
      0.004,
      1.0,
      1.0,
      1.0,
      0.0,
      1.0,
      0.0,
      0.5,
      0.0,
      0.0,
      0.0,
      0.0
    ],
    [
      1.0,
      1.0,
      0.2230448921378274,
      0.004,
      1.0,
      1.0,
      1.0,
      0.0,
      1.0,
      0.0,
      0.5,
      0.0,
      0.0,
      0.0,
      0.0
    ],
    [
      1.0,
      1.0,
      0.2230448921378274,
      0.004,
      1.0,
      1.0,
      1.0,
      0.0,
      1.0,
      0.0,
      0.5,
      0.0,
      0.0,
      0.0,
      0.0
    ],
    [
      1.0,
      1.0,
      0.2230448921378274,
      0.004,
      1.0,
      1.0,
      1.0,
      0.0,
      1.0,
      0.0,
      0.5,
      0.0,
      0.0,
      0.0,
      0.0
    ],
    [
      1.0,
      1.0,
      0.14313637641589874,
      0.002,
      0.0,
      1.0,
      0.527027027027027,
      0.0,
      1.0,
      1.0,
      0.5,
      0.0,
      0.0,
      0.0,
      0.0
    ],
    [
      1.0,
      1.0,
      0.14313637641589874,
      0.002,
      0.0,
      1.0,
      0.8783783783783784,
      0.0,
      1.0,
      1.0,
      0.5,
      0.0,
      0.0,
      0.0,
      0.0
    ],
    [
      1.0,
      1.0,
      0.6016832849421293,
      0.01,
      0.4,
      1.0,
      0.03788508577400356,
      0.0,
      1.0,
      0.75,
      0.5,
      0.0,
      0.0,
      0.0,
      0.0
    ],
    [
      1.0,
      1.0,
      0.2230448921378274,
      0.004,
      1.0,
      1.0,
      1.0,
      0.0,
      1.0,
      0.0,
      0.5,
      0.0,
      0.0,
      0.0,
      0.0
    ],
    [
      1.0,
      1.0,
      0.2230448921378274,
      0.004,
      1.0,
      1.0,
      1.0,
      0.0,
      1.0,
      0.0,
      0.5,
      0.0,
      0.0,
      0.0,
      0.0
    ],
    [
      1.0,
      1.0,
      0.2230448921378274,
      0.004,
      1.0,
      1.0,
      1.0,
      0.0,
      1.0,
      0.0,
      0.5,
      0.0,
      0.0,
      0.0,
      0.0
    ],
    [
      1.0,
      1.0,
      0.14313637641589874,
      0.002,
      0.0,
      1.0,
      0.527027027027027,
      0.0,
      1.0,
      1.0,
      0.5,
      0.0,
      0.0,
      0.0,
      0.0
    ],
    [
      1.0,
      1.0,
      0.14313637641589874,
      0.002,
      0.0,
      1.0,
      0.8783783783783784,
      0.0,
      1.0,
      1.0,
      0.5,
      0.0,
      0.0,
      0.0,
      0.0
    ],
    [
      1.0,
      1.0,
      0.6016832849421293,
      0.01,
      0.4,
      1.0,
      0.03788508577400356,
      0.0,
      1.0,
      0.75,
      0.5,
