{
  "edge_feature_dim": 15,
  "edge_features": [
    [
      1.0,
      1.0,
      0.2230448921378274,
      0.004,
      1.0,
      1.0,
      1.0,
      0.0,
      1.0,
      0.0,
      0.5,
      0.0,
      0.0,
      0.0,
      0.0
    ],
    [
      1.0,
      1.0,
      0.14313637641589874,
      0.002,
      0.0,
      1.0,
      0.527027027027027,
      0.0,
      1.0,
      1.0,
      0.5,
      0.0,
      0.0,
      0.0,
      0.0
    ],
    [
      1.0,
      1.0,
      0.14313637641589874,
      0.002,
      0.0,
      1.0,
      0.8783783783783784,
      0.0,
      1.0,
      1.0,
      0.5,
      0.0,
      0.0,
      0.0,
      0.0
    ],
    [
      1.0,
      1.0,
      0.6318003824189771,
      0.018,
      0.2222222222222222,
      1.0,
      0.07730832646681345,
      0.0,
      1.0,
      0.875,
      0.5,
      0.0,
      0.0,
      0.0,
      0.0
    ],
    [
      1.0,
      1.0,
      0.14313637641589874,
      0.002,
      0.0,
      1.0,
      0.527027027027027,
      0.0,
      1.0,
      1.0,
      0.5,
      0.0,
      0.0,
      0.0,
      0.0
    ],
    [
      1.0,
      1.0,
      0.14313637641589874,
      0.002,
      0.0,
      1.0,
      0.8783783783783784,
      0.0,
      1.0,
      1.0,
      0.5,
      0.0,
      0.0,
      0.0,
      0.0
    ],
    [
      1.0,
      1.0,
      0.6318003824189771,
      0.018,
      0.2222222222222222,
      1.0,
      0.07730832646681345,
      0.0,
      1.0,
      0.875,
      0.5,
      0.0,
      0.0,
      0.0,
      0.0
    ],
    [
      1.0,
      1.0,
      0.06989700043360189,
      0.0,
      0.5,
      1.0,
      0.6,
      0.0,
      1.0,
      0.0,
      0.5,
      0.0,
      0.0,
      0.0,
      0.0
    ],
    [
      1.0,
      1.0,
      0.5505091616077599,
      0.016,
      0.0,
      1.0,
      0.040743577462239514,
      0.0,
      1.0,
      1.0,
      0.5,
      0.0,
      0.0,
      0.0,
      0.0
    ],
    [
      1.0,
      1.0,
      0.5505091616077599,
      0.016,
      0.0,
      1.0,
      0.06790596243706586,
      0.0,
      1.0,
      1.0,
      0.5,
      0.0,
      0.0,
      0.0,
      0.0
    ]
  ],
  "edge_index": [
    [
      21,
      21,
      21,
      21,
      22,
      22,
      22,
      23,
      23,
      24
    ],
    [
      22,
      23,
      24,
      44,
      23,
      24,
      44,
      24,
      44,
      44
    ]
  ],
  "is_terminal": false,
  "iteration": 19,
  "node_feature_dim": 20,
  "num_active_systems": 5,
  "num_edges": 10,
  "reward_signals": {
    "avg_f_change": 0.9830994416614729,
    "branching_factor": 9.301585217967471,
    "causal_graph": {
      "are_adjacent": false,
      "causal_proximity": 0.5,
      "interpretation": "Adjacent in causal graph = better operator projection",
      "metric_name": "Causal Graph Proximity"
    },
    "causal_proximity_score": 0.5,
    "composite_merge_quality": 0.65,
    "dead_end_ratio": 0.0,
    "delta_states": 13325,
    "did_shrink": false,
    "f_preservation_score": 0.9167816282811008,
    "f_stability_score": 0.9293102908585771,
    "f_stats": {
      "max": 27,
      "mean": 17.88615569221539,
      "min": 0,
      "std": 1.0555605691534415,
      "valid_count": 160008
    },
    "f_value_stability": 0.9418389534360535,
    "gb_error": 0.0,
    "greedy_bisimulation": {
      "gb_error": 0.0,
      "interpretation": "Low error (0-0.2) = h-values compatible = GOOD",
      "metric_name": "Greedy Bisimulation Error",
      "violates_gb": false
    },
    "growth_ratio": 1.0908421562144215,
    "h_star_after": 20,
    "h_star_before": 21,
    "h_star_delta": -1,
    "h_star_preservation": 0.9523809523809523,
    "is_bad_merge": false,
    "is_good_merge": true,
    "is_solvable": true,
    "label_combinability": {
      "collapsible_label_count": 76,
      "combinability_score": 1.0,
      "interpretation": "High score = labels will collapse post-merge = GOOD",
      "metric_name": "Label Combinability"
    },
    "label_combinability_score": 1.0,
    "label_support": {
      "interpretation": "High (>0.6) = variables entangled = merge preserves constraints",
      "metric_name": "Label Support Overlap",
      "support_overlap": 1.0
    },
    "label_support_overlap": 1.0,
    "landmark_preservation": 1.0,
    "max_f_change": 0.9830994416614729,
    "merge_quality_score": 0.8515385786582857,
    "merged_size": 160008,
    "nodes_expanded": 160008,
    "num_active_systems": 5,
    "num_significant_f_changes": 0,
    "operator_costs": {
      "cost_variance_score": 1.0,
      "metric_name": "Operator Cost Variance"
    },
    "operator_projection": {
      "interpretation": "High (>0.7) = many projectable operators = GOOD merge",
      "metric_name": "Operator Projection Potential",
      "opp_score": 0.0
    },
    "opp_score": 0.0,
    "reachability_ratio": 1.0,
    "search_depth": 4.6,
    "search_efficiency_score": 0.0,
    "shrinkability": -0.09084215621442149,
    "solution_cost": 0,
    "solution_found": true,
    "solution_quality_score": 1.0,
    "state_control_score": 0.9091578437855785,
    "state_explosion_penalty": 0.09084215621442149,
    "states_after": 160008,
    "states_before": 146683,
    "theoretical_product_size": 146683,
    "total_dead_ends": 0,
    "total_goal_states": 2052,
    "total_reachable": 160008,
    "total_states": 160008,
    "total_transitions": 5889771,
    "transition_density": 36.80922828858557,
    "transition_density_ratio": 1.0,
    "transition_explosion": {
      "density_ratio": 1.0,
      "interpretation": "Low ratio (<0.3) = good, High (>0.7) = explosion risk",
      "metric_name": "Transition Explosion Prediction"
    },
    "transition_growth": 1.0,
    "weighted_h_preservation": 0.9523809523809523,
    "weighted_shrinkability": 0.4091578437855785,
    "weighted_solvability": 1.0,
    "weighted_state_control": 0.9091578437855785,
    "weighted_total_score": 0.8150734106558913,
    "weights": {
      "h_preservation": 0.4,
      "shrinkability": 0.25,
      "solvability": 0.15,
      "state_control": 0.2
    }
  },
  "timestamp": 1766159165,
  "x": [
    [
      8.12611760920845e-05,
      0.12637363374233246,
      1.0,
      0.1428571492433548,
      0.0,
      0.05000000074505806,
      0.0,
      1.0,
      1.0,
      0.0,
      0.0,
      0.0,
      0.0,
      0.0,
      0.0,
      0.0,
      0.0,
      0.0,
      0.0,
      0.0
    ],
    [
      8.12611760920845e-05,
      0.12637363374233246,
      1.0,
      0.1428571492433548,
      0.0,
      0.05000000074505806,
      0.0,
      1.0,
      1.0,
      0.0,
      0.0,
      0.0,
      0.0,
      0.0,
      0.0,
      0.0,
      0.0,
      0.0,
      0.0,
      0.0
    ],
    [
      1.250171862920979e-05,
      0.1666666716337204,
      1.0,
      0.0,
      0.0,
      0.05000000074505806,
      0.0,
      1.0,
      1.0,
      0.0,
      0.0,
      0.0,
      0.0,
      0.0,
      0.0,
      0.0,
      0.0,
      0.0,
      0.0,
      0.0
    ],
    [
      1.250171862920979e-05,
      0.1666666716337204,
      1.0,
      0.0,
      0.0,
      0.05000000074505806,
      0.0,
      1.0,
      1.0,
      0.0,
      0.0,
      0.0,
      0.0,
      0.0,
      0.0,
      0.0,
      0.0,
      0.0,
      0.0,
      0.0
    ],
    [
      1.0,
      2.09114787139697e-05,
      1.0,
      0.0001000131233013235,
      0.0,
      1.0,
      0.0,
      1.0,
      1.0,
      0.0,
      0.0,
      0.0,
      0.0,
      0.0,
      0.0,
      0.0,
      0.0,
      0.0,
      0.0,
      0.0
    ]
  ]
}