{
  "edge_feature_dim": 15,
  "edge_features": [
    [
      1.0,
      1.0,
      0.2230448921378274,
      0.004,
      1.0,
      1.0,
      1.0,
      0.0,
      1.0,
      0.0,
      0.5,
      0.0,
      0.0,
      0.0,
      0.0
    ],
    [
      1.0,
      1.0,
      0.2230448921378274,
      0.004,
      1.0,
      1.0,
      1.0,
      0.0,
      1.0,
      0.0,
      0.5,
      0.0,
      0.0,
      0.0,
      0.0
    ],
    [
      1.0,
      1.0,
      0.2230448921378274,
      0.004,
      1.0,
      1.0,
      1.0,
      0.0,
      1.0,
      0.0,
      0.5,
      0.0,
      0.0,
      0.0,
      0.0
    ],
    [
      1.0,
      1.0,
      0.2230448921378274,
      0.004,
      1.0,
      1.0,
      1.0,
      0.0,
      1.0,
      0.0,
      0.5,
      0.0,
      0.0,
      0.0,
      0.0
    ],
    [
      1.0,
      1.0,
      0.2230448921378274,
      0.004,
      1.0,
      1.0,
      1.0,
      0.0,
      1.0,
      0.0,
      0.5,
      0.0,
      0.0,
      0.0,
      0.0
    ],
    [
      1.0,
      1.0,
      0.2230448921378274,
      0.004,
      1.0,
      1.0,
      1.0,
      0.0,
      1.0,
      0.0,
      0.5,
      0.0,
      0.0,
      0.0,
      0.0
    ],
    [
      1.0,
      1.0,
      0.14313637641589874,
      0.002,
      0.0,
      1.0,
      0.527027027027027,
      0.0,
      1.0,
      1.0,
      0.5,
      0.0,
      0.0,
      0.0,
      0.0
    ],
    [
      1.0,
      1.0,
      0.14313637641589874,
      0.002,
      0.0,
      1.0,
      0.8783783783783784,
      0.0,
      1.0,
      1.0,
      0.5,
      0.0,
      0.0,
      0.0,
      0.0
    ],
    [
      1.0,
      1.0,
      0.6299179656522688,
      0.012,
      0.33333333333333337,
      1.0,
      0.03830313546700724,
      0.0,
      1.0,
      0.8,
      0.5,
      0.0,
      0.0,
      0.0,
      0.0
    ],
    [
      1.0,
      1.0,
      0.2230448921378274,
      0.004,
      1.0,
      1.0,
      1.0,
      0.0,
      1.0,
      0.0,
      0.5,
      0.0,
      0.0,
      0.0,
      0.0
    ],
    [
      1.0,
      1.0,
      0.2230448921378274,
      0.004,
      1.0,
      1.0,
      1.0,
      0.0,
      1.0,
      0.0,
      0.5,
      0.0,
      0.0,
      0.0,
      0.0
    ],
    [
      1.0,
      1.0,
      0.2230448921378274,
      0.004,
      1.0,
      1.0,
      1.0,
      0.0,
      1.0,
      0.0,
      0.5,
      0.0,
      0.0,
      0.0,
      0.0
    ],
    [
      1.0,
      1.0,
      0.2230448921378274,
      0.004,
      1.0,
      1.0,
      1.0,
      0.0,
      1.0,
      0.0,
      0.5,
      0.0,
      0.0,
      0.0,
      0.0
    ],
    [
      1.0,
      1.0,
      0.2230448921378274,
      0.004,
      1.0,
      1.0,
      1.0,
      0.0,
      1.0,
      0.0,
      0.5,
      0.0,
      0.0,
      0.0,
      0.0
    ],
    [
      1.0,
      1.0,
      0.14313637641589874,
      0.002,
      0.0,
      1.0,
      0.527027027027027,
      0.0,
      1.0,
      1.0,
      0.5,
      0.0,
      0.0,
      0.0,
      0.0
    ],
    [
      1.0,
      1.0,
      0.14313637641589874,
      0.002,
      0.0,
      1.0,
      0.8783783783783784,
      0.0,
      1.0,
      1.0,
      0.5,
      0.0,
      0.0,
      0.0,
      0.0
    ],
    [
      1.0,
      1.0,
      0.6299179656522688,
      0.012,
      0.33333333333333337,
      1.0,
      0.03830313546700724,
      0.0,
      1.0,
      0.8,
      0.5,
      0.0,
      0.0,
      0.0,
      0.0
    ],
    [
      1.0,
      1.0,
      0.2230448921378274,
      0.004,
      1.0,
      1.0,
      1.0,
      0.0,
      1.0,
      0.0,
      0.5,
      0.0,
      0.0,
      0.0,
      0.0
    ],
    [
      1.0,
      1.0,
      0.2230448921378274,
      0.004,
      1.0,
      1.0,
      1.0,
      0.0,
      1.0,
      0.0,
      0.5,
      0.0,
      0.0,
      0.0,
      0.0
    ],
    [
      1.0,
      1.0,
      0.2230448921378274,
      0.004,
      1.0,
      1.0,
      1.0,
      0.0,
      1.0,
      0.0,
      0.5,
      0.0,
      0.0,
      0.0,
      0.0
    ],
    [
      1.0,
      1.0,
      0.2230448921378274,
      0.004,
      1.0,
      1.0,
      1.0,
      0.0,
      1.0,
      0.0,
      0.5,
      0.0,
      0.0,
      0.0,
      0.0
    ],
    [
      1.0,
      1.0,
      0.14313637641589874,
      0.002,
      0.0,
      1.0,
      0.527027027027027,
      0.0,
      1.0,
      1.0,
      0.5,
      0.0,
      0.0,
      0.0,
      0.0
    ],
    [
      1.0,
      1.0,
      0.14313637641589874,
      0.002,
      0.0,
      1.0,
      0.8783783783783784,
      0.0,
      1.0,
      1.0,
      0.5,
      0.0,
      0.0,
      0.0,
      0.0
    ],
    [
      1.0,
      1.0,
      0.6299179656522688,
      0.012,
      0.33333333333333337,
      1.0,
      0.03830313546700724,
      0.0,
      1.0,
      0.8,
      0.5,
      0.0,
      0.0,
      0.0,
      0.0
    ],
    [
      1.0,
      1.0,
      0.2230448921378274,
      0.004,
      1.0,
      1.0,
      1.0,
      0.0,
      1.0,
      0.0,
      0.5,
      0.0,
      0.0,
      0.0,
      0.0
    ],
    [
      1.0,
      1.0,
      0.2230448921378274,
      0.004,
      1.0,
      1.0,
      1.0,
      0.0,
      1.0,
      0.0,
      0.5,
      0.0,
      0.0,
      0.0,
      0.0
    ],
    [
      1.0,
      1.0,
      0.2230448921378274,
      0.004,
      1.0,
      1.0,
      1.0,
      0.0,
      1.0,
      0.0,
      0.5,
      0.0,
      0.0,
      0.0,
      0.0
    ],
    [
      1.0,
      1.0,
      0.14313637641589874,
      0.002,
      0.0,
      1.0,
      0.527027027027027,
      0.0,
      1.0,
      1.0,
      0.5,
      0.0,
      0.0,
      0.0,
      0.0
    ],
    [
      1.0,
      1.0,
      0.14313637641589874,
      0.002,
      0.0,
      1.0,
      0.8783783783783784,
      0.0,
      1.0,
      1.0,
      0.5,
      0.0,
      0.0,
      0.0,
      0.0
    ],
    [
      1.0,
      1.0,
      0.6299179656522688,
      0.012,
      0.33333333333333337,
      1.0,
      0.03830313546700724,
      0.0,
      1.0,
      0.8,
      0.5,
      0.0,
      0.0,
      0.0,
      0.0
    ],
    [
      1.0,
      1.0,
      0.2230448921378274,
      0.004,
      1.0,
      1.0,
      1.0,
      0.0,
      1.0,
      0.0,
      0.5,
      0.0,
      0.0,
      0.0,
      0.0
    ],
    [
      1.0,
      1.0,
      0.2230448921378274,
      0.004,
      1.0,
      1.0,
      1.0,
      0.0,
      1.0,
      0.0,
      0.5,
      0.0,
      0.0,
      0.0,
      0.0
    ],
    [
      1.0,
      1.0,
      0.14313637641589874,
      0.002,
      0.0,
      1.0,
      0.527027027027027,
      0.0,
      1.0,
      1.0,
      0.5,
      0.0,
      0.0,
      0.0,
      0.0
    ],
    [
      1.0,
      1.0,
      0.14313637641589874,
      0.002,
      0.0,
      1.0,
      0.8783783783783784,
      0.0,
      1.0,
      1.0,
      0.5,
      0.0,
      0.0,
      0.0,
      0.0
    ],
    [
      1.0,
      1.0,
      0.6299179656522688,
      0.012,
      0.33333333333333337,
      1.0,
      0.03830313546700724,
      0.0,
      1.0,
      0.8,
      0.5,
      0.0,
      0.0,
      0.0,
      0.0
    ],
    [
      1.0,
      1.0,
      0.2230448921378274,
      0.004,
      1.0,
      1.0,
      1.0,
      0.0,
      1.0,
      0.0,
      0.5,
      0.0,
      0.0,
      0.0,
      0.0
    ],
    [
      1.0,
      1.0,
      0.14313637641589874,
      0.002,
      0.0,
      1.0,
      0.527027027027027,
      0.0,
      1.0,
      1.0,
      0.5,
      0.0,
      0.0,
      0.0,
      0.0
    ],
    [
      1.0,
      1.0,
      0.14313637641589874,
      0.002,
      0.0,
      1.0,
      0.8783783783783784,
      0.0,
      1.0,
      1.0,
      0.5,
      0.0,
      0.0,
      0.0,
      0.0
    ],
    [
      1.0,
      1.0,
      0.6299179656522688,
      0.012,
      0.33333333333333337,
      1.0,
      0.03830313546700724,
      0.0,
      1.0,
      0.8,
      0.5,
      0.0,
      0.0,
      0.0,
      0.0
    ],
    [
