{
  "edge_feature_dim": 15,
  "edge_features": [
    [
      1.0,
      1.0,
      0.14313637641589874,
      0.002,
      0.0,
      1.0,
      0.527027027027027,
      0.0,
      1.0,
      1.0,
      0.5,
      0.0,
      0.0,
      0.0,
      0.0
    ],
    [
      1.0,
      1.0,
      0.14313637641589874,
      0.002,
      0.0,
      1.0,
      0.8783783783783784,
      0.0,
      1.0,
      1.0,
      0.5,
      0.0,
      0.0,
      0.0,
      0.0
    ],
    [
      1.0,
      1.0,
      0.6352782202355636,
      0.018,
      0.2222222222222222,
      1.0,
      0.11136569748501322,
      0.0,
      1.0,
      0.875,
      0.5,
      0.0,
      0.0,
      0.0,
      0.0
    ],
    [
      1.0,
      1.0,
      0.06989700043360189,
      0.0,
      0.5,
      1.0,
      0.6,
      0.0,
      1.0,
      0.0,
      0.5,
      0.0,
      0.0,
      0.0,
      0.0
    ],
    [
      1.0,
      1.0,
      0.5539869905855337,
      0.016,
      0.0,
      1.0,
      0.058692732458317784,
      0.0,
      1.0,
      1.0,
      0.5,
      0.0,
      0.0,
      0.0,
      0.0
    ],
    [
      1.0,
      1.0,
      0.5539869905855337,
      0.016,
      0.0,
      1.0,
      0.09782122076386297,
      0.0,
      1.0,
      1.0,
      0.5,
      0.0,
      0.0,
      0.0,
      0.0
    ]
  ],
  "edge_index": [
    [
      22,
      22,
      22,
      23,
      23,
      24
    ],
    [
      23,
      24,
      45,
      24,
      45,
      45
    ]
  ],
  "is_terminal": false,
  "iteration": 20,
  "node_feature_dim": 20,
  "num_active_systems": 4,
  "num_edges": 6,
  "reward_signals": {
    "avg_f_change": 0.5205470129821208,
    "branching_factor": 8.100745170670914,
    "causal_graph": {
      "are_adjacent": false,
      "causal_proximity": 0.5,
      "interpretation": "Adjacent in causal graph = better operator projection",
      "metric_name": "Causal Graph Proximity"
    },
    "causal_proximity_score": 0.5,
    "composite_merge_quality": 0.44999999999999996,
    "dead_end_ratio": 0.0,
    "delta_states": 13325,
    "did_shrink": false,
    "f_preservation_score": 0.8783435355258028,
    "f_stability_score": 0.9246200937771751,
    "f_stats": {
      "max": 27,
      "mean": 18.40670270519751,
      "min": 0,
      "std": 0.9443336785563833,
      "valid_count": 173333
    },
    "f_value_stability": 0.9708966520285475,
    "gb_error": 1.0,
    "greedy_bisimulation": {
      "gb_error": 1.0,
      "interpretation": "Low error (0-0.2) = h-values compatible = GOOD",
      "metric_name": "Greedy Bisimulation Error",
      "violates_gb": true
    },
    "growth_ratio": 1.0832770861456926,
    "h_star_after": 18,
    "h_star_before": 20,
    "h_star_delta": -2,
    "h_star_preservation": 0.9,
    "is_bad_merge": false,
    "is_good_merge": false,
    "is_solvable": true,
    "label_combinability": {
      "collapsible_label_count": 52,
      "combinability_score": 1.0,
      "interpretation": "High score = labels will collapse post-merge = GOOD",
      "metric_name": "Label Combinability"
    },
    "label_combinability_score": 1.0,
    "label_support": {
      "interpretation": "High (>0.6) = variables entangled = merge preserves constraints",
      "metric_name": "Label Support Overlap",
      "support_overlap": 1.0
    },
    "label_support_overlap": 1.0,
    "landmark_preservation": 1.0,
    "max_f_change": 0.5205470129821208,
    "merge_quality_score": 0.8358530198490076,
    "merged_size": 173333,
    "nodes_expanded": 173333,
    "num_active_systems": 4,
    "num_significant_f_changes": 0,
    "operator_costs": {
      "cost_variance_score": 1.0,
      "metric_name": "Operator Cost Variance"
    },
    "operator_projection": {
      "interpretation": "High (>0.7) = many projectable operators = GOOD merge",
      "metric_name": "Operator Projection Potential",
      "opp_score": 0.0
    },
    "opp_score": 0.0,
    "reachability_ratio": 1.0,
    "search_depth": 5.25,
    "search_efficiency_score": 0.0,
    "shrinkability": -0.08327708614569262,
    "solution_cost": 0,
    "solution_found": true,
    "solution_quality_score": 1.0,
    "state_control_score": 0.9167229138543074,
    "state_explosion_penalty": 0.08327708614569262,
    "states_after": 173333,
    "states_before": 160008,
    "theoretical_product_size": 160008,
    "total_dead_ends": 0,
    "total_goal_states": 2051,
    "total_reachable": 173333,
    "total_states": 173333,
    "total_transitions": 4429452,
    "transition_density": 25.55457991265368,
    "transition_density_ratio": 1.0,
    "transition_explosion": {
      "density_ratio": 1.0,
      "interpretation": "Low ratio (<0.3) = good, High (>0.7) = explosion risk",
      "metric_name": "Transition Explosion Prediction"
    },
    "transition_growth": 1.0,
    "weighted_h_preservation": 0.9,
    "weighted_shrinkability": 0.4167229138543074,
    "weighted_solvability": 1.0,
    "weighted_state_control": 0.9167229138543074,
    "weighted_total_score": 0.7975253112344384,
    "weights": {
      "h_preservation": 0.4,
      "shrinkability": 0.25,
      "solvability": 0.15,
      "state_control": 0.2
    }
  },
  "timestamp": 1766159166,
  "x": [
    [
      7.500749779865146e-05,
      0.12637363374233246,
      1.0,
      0.1428571492433548,
      0.0,
      0.05000000074505806,
      0.0,
      1.0,
      1.0,
      0.0,
      0.0,
      0.0,
      0.0,
      0.0,
      0.0,
      0.0,
      0.0,
      0.0,
      0.0,
      0.0
    ],
    [
      1.1539615115907509e-05,
      0.1666666716337204,
      1.0,
      0.0,
      0.0,
      0.05000000074505806,
      0.0,
      1.0,
      1.0,
      0.0,
      0.0,
      0.0,
      0.0,
      0.0,
      0.0,
      0.0,
      0.0,
      0.0,
      0.0,
      0.0
    ],
    [
      1.1539615115907509e-05,
      0.1666666716337204,
      1.0,
      0.0,
      0.0,
      0.05000000074505806,
      0.0,
      1.0,
      1.0,
      0.0,
      0.0,
      0.0,
      0.0,
      0.0,
      0.0,
      0.0,
      0.0,
      0.0,
      0.0,
      0.0
    ],
    [
      1.0,
      1.884068660729099e-05,
      1.0,
      9.231638978235424e-05,
      0.0,
      1.0,
      0.0,
      1.0,
      1.0,
      0.0,
      0.0,
      0.0,
      0.0,
      0.0,
      0.0,
      0.0,
      0.0,
      0.0,
      0.0,
      0.0
    ]
  ]
}