{
  "edge_feature_dim": 15,
  "edge_features": [
    [
      1.0,
      1.0,
      0.2230448921378274,
      0.004,
      1.0,
      1.0,
      1.0,
      0.0,
      1.0,
      0.0,
      0.5,
      0.0,
      0.0,
      0.0,
      0.0
    ],
    [
      1.0,
      1.0,
      0.2230448921378274,
      0.004,
      1.0,
      1.0,
      1.0,
      0.0,
      1.0,
      0.0,
      0.5,
      0.0,
      0.0,
      0.0,
      0.0
    ],
    [
      1.0,
      1.0,
      0.14313637641589874,
      0.002,
      0.0,
      1.0,
      0.527027027027027,
      0.0,
      1.0,
      1.0,
      0.5,
      0.0,
      0.0,
      0.0,
      0.0
    ],
    [
      1.0,
      1.0,
      0.14313637641589874,
      0.002,
      0.0,
      1.0,
      0.8783783783783784,
      0.0,
      1.0,
      1.0,
      0.5,
      0.0,
      0.0,
      0.0,
      0.0
    ],
    [
      1.0,
      1.0,
      0.6280196032079185,
      0.017,
      0.23529411764705888,
      1.0,
      0.061529579708565985,
      0.0,
      1.0,
      0.8666666666666667,
      0.5,
      0.0,
      0.0,
      0.0,
      0.0
    ],
    [
      1.0,
      1.0,
      0.2230448921378274,
      0.004,
      1.0,
      1.0,
      1.0,
      0.0,
      1.0,
      0.0,
      0.5,
      0.0,
      0.0,
      0.0,
      0.0
    ],
    [
      1.0,
      1.0,
      0.14313637641589874,
      0.002,
      0.0,
      1.0,
      0.527027027027027,
      0.0,
      1.0,
      1.0,
      0.5,
      0.0,
      0.0,
      0.0,
      0.0
    ],
    [
      1.0,
      1.0,
      0.14313637641589874,
      0.002,
      0.0,
      1.0,
      0.8783783783783784,
      0.0,
      1.0,
      1.0,
      0.5,
      0.0,
      0.0,
      0.0,
      0.0
    ],
    [
      1.0,
      1.0,
      0.6280196032079185,
      0.017,
      0.23529411764705888,
      1.0,
      0.061529579708565985,
      0.0,
      1.0,
      0.8666666666666667,
      0.5,
      0.0,
      0.0,
      0.0,
      0.0
    ],
    [
      1.0,
      1.0,
      0.14313637641589874,
      0.002,
      0.0,
      1.0,
      0.527027027027027,
      0.0,
      1.0,
      1.0,
      0.5,
      0.0,
      0.0,
      0.0,
      0.0
    ],
    [
      1.0,
      1.0,
      0.14313637641589874,
      0.002,
      0.0,
      1.0,
      0.8783783783783784,
      0.0,
      1.0,
      1.0,
      0.5,
      0.0,
      0.0,
      0.0,
      0.0
    ],
    [
      1.0,
      1.0,
      0.6280196032079185,
      0.017,
      0.23529411764705888,
      1.0,
      0.061529579708565985,
      0.0,
      1.0,
      0.8666666666666667,
      0.5,
      0.0,
      0.0,
      0.0,
      0.0
    ],
    [
      1.0,
      1.0,
      0.06989700043360189,
      0.0,
      0.5,
      1.0,
      0.6,
      0.0,
      1.0,
      0.0,
      0.5,
      0.0,
      0.0,
      0.0,
      0.0
    ],
    [
      1.0,
      1.0,
      0.5467283928434227,
      0.015,
      0.0,
      1.0,
      0.03242775146802802,
      0.0,
      1.0,
      1.0,
      0.5,
      0.0,
      0.0,
      0.0,
      0.0
    ],
    [
      1.0,
      1.0,
      0.5467283928434227,
      0.015,
      0.0,
      1.0,
      0.054046252446713364,
      0.0,
      1.0,
      1.0,
      0.5,
      0.0,
      0.0,
      0.0,
      0.0
    ]
  ],
  "edge_index": [
    [
      20,
      20,
      20,
      20,
      20,
      21,
      21,
      21,
      21,
      22,
      22,
      22,
      23,
      23,
      24
    ],
    [
      21,
      22,
      23,
      24,
      43,
      22,
      23,
      24,
      43,
      23,
      24,
      43,
      24,
      43,
      43
    ]
  ],
  "is_terminal": false,
  "iteration": 18,
  "node_feature_dim": 20,
  "num_active_systems": 6,
  "num_edges": 15,
  "reward_signals": {
    "avg_f_change": 0.904668452296594,
    "branching_factor": 9.799189625386434,
    "causal_graph": {
      "are_adjacent": false,
      "causal_proximity": 0.5,
      "interpretation": "Adjacent in causal graph = better operator projection",
      "metric_name": "Causal Graph Proximity"
    },
    "causal_proximity_score": 0.5,
    "composite_merge_quality": 0.65,
    "dead_end_ratio": 0.0,
    "delta_states": 13325,
    "did_shrink": false,
    "f_preservation_score": 0.9013696523697615,
    "f_stability_score": 0.9224110881150005,
    "f_stats": {
      "max": 24,
      "mean": 16.903056250553917,
      "min": 0,
      "std": 1.0852216699099195,
      "valid_count": 146683
    },
    "f_value_stability": 0.9434525238602394,
    "gb_error": 0.0,
    "greedy_bisimulation": {
      "gb_error": 0.0,
      "interpretation": "Low error (0-0.2) = h-values compatible = GOOD",
      "metric_name": "Greedy Bisimulation Error",
      "violates_gb": false
    },
    "growth_ratio": 1.0999190149822282,
    "h_star_after": 21,
    "h_star_before": 22,
    "h_star_delta": -1,
    "h_star_preservation": 0.9545454545454546,
    "is_bad_merge": false,
    "is_good_merge": true,
    "is_solvable": true,
    "label_combinability": {
      "collapsible_label_count": 100,
      "combinability_score": 1.0,
      "interpretation": "High score = labels will collapse post-merge = GOOD",
      "metric_name": "Label Combinability"
    },
    "label_combinability_score": 1.0,
    "label_support": {
      "interpretation": "High (>0.6) = variables entangled = merge preserves constraints",
      "metric_name": "Label Support Overlap",
      "support_overlap": 1.0
    },
    "label_support_overlap": 1.0,
    "landmark_preservation": 1.0,
    "max_f_change": 0.904668452296594,
    "merge_quality_score": 0.8491192538471292,
    "merged_size": 146683,
    "nodes_expanded": 146683,
    "num_active_systems": 6,
    "num_significant_f_changes": 0,
    "operator_costs": {
      "cost_variance_score": 1.0,
      "metric_name": "Operator Cost Variance"
    },
    "operator_projection": {
      "interpretation": "High (>0.7) = many projectable operators = GOOD merge",
      "metric_name": "Operator Projection Potential",
      "opp_score": 0.0
    },
    "opp_score": 0.0,
    "reachability_ratio": 1.0,
    "search_depth": 4.0,
    "search_efficiency_score": 0.0,
    "shrinkability": -0.09991901498222822,
    "solution_cost": 0,
    "solution_found": true,
    "solution_quality_score": 1.0,
    "state_control_score": 0.9000809850177718,
    "state_explosion_penalty": 0.09991901498222822,
    "states_after": 146683,
    "states_before": 133358,
    "theoretical_product_size": 133358,
    "total_dead_ends": 0,
    "total_goal_states": 2053,
    "total_reachable": 146683,
    "total_states": 146683,
    "total_transitions": 6783198,
    "transition_density": 46.24392738081441,
    "transition_density_ratio": 1.0,
    "transition_explosion": {
      "density_ratio": 1.0,
      "interpretation": "Low ratio (<0.3) = good, High (>0.7) = explosion risk",
      "metric_name": "Transition Explosion Prediction"
    },
    "transition_growth": 1.0,
    "weighted_h_preservation": 0.9545454545454546,
    "weighted_shrinkability": 0.4000809850177718,
    "weighted_solvability": 1.0,
    "weighted_state_control": 0.9000809850177718,
    "weighted_total_score": 0.8118546250761792,
    "weights": {
      "h_preservation": 0.4,
      "shrinkability": 0.25,
      "solvability": 0.15,
      "state_control": 0.2
    }
  },
  "timestamp": 1766159164,