{
  "edge_feature_dim": 15,
  "edge_features": [
    [
      1.0,
      1.0,
      0.15185139398778874,
      0.003,
      0.6666666666666667,
      1.0,
      0.8695652173913043,
      0.0,
      1.0,
      0.5,
      0.5,
      0.0,
      0.0,
      0.0,
      0.0
    ],
    [
      1.0,
      1.0,
      0.15185139398778874,
      0.002,
      0.0,
      1.0,
      0.5217391304347826,
      0.0,
      1.0,
      1.0,
      0.5,
      0.0,
      0.0,
      0.0,
      0.0
    ],
    [
      1.0,
      1.0,
      0.15185139398778874,
      0.002,
      0.0,
      1.0,
      0.8695652173913043,
      0.0,
      1.0,
      1.0,
      0.5,
      0.0,
      0.0,
      0.0,
      0.0
    ],
    [
      1.0,
      1.0,
      0.6498568709924628,
      0.02,
      0.19999999999999996,
      1.0,
      0.10958424887020364,
      0.0,
      1.0,
      0.8888888888888888,
      0.5,
      0.0,
      0.0,
      0.0,
      0.0
    ],
    [
      1.0,
      1.0,
      0.06989700043360189,
      0.001,
      0.0,
      1.0,
      0.6,
      0.0,
      1.0,
      1.0,
      0.5,
      0.0,
      0.0,
      0.0,
      0.0
    ],
    [
      1.0,
      1.0,
      0.06989700043360189,
      0.001,
      0.0,
      1.0,
      1.0,
      0.0,
      1.0,
      1.0,
      0.5,
      0.0,
      0.0,
      0.0,
      0.0
    ],
    [
      1.0,
      1.0,
      0.5595479687456952,
      0.019,
      0.10526315789473684,
      1.0,
      0.09529065119148142,
      0.0,
      1.0,
      0.9444444444444444,
      0.5,
      0.0,
      0.0,
      0.0,
      0.0
    ],
    [
      1.0,
      1.0,
      0.06989700043360189,
      0.0,
      0.5,
      1.0,
      0.6,
      0.0,
      1.0,
      0.0,
      0.5,
      0.0,
      0.0,
      0.0,
      0.0
    ],
    [
      1.0,
      1.0,
      0.5595479687456952,
      0.018,
      0.0,
      1.0,
      0.057174390714888855,
      0.0,
      1.0,
      1.0,
      0.5,
      0.0,
      0.0,
      0.0,
      0.0
    ],
    [
      1.0,
      1.0,
      0.5595479687456952,
      0.018,
      0.0,
      1.0,
      0.09529065119148142,
      0.0,
      1.0,
      1.0,
      0.5,
      0.0,
      0.0,
      0.0,
      0.0
    ]
  ],
  "edge_index": [
    [
      27,
      27,
      27,
      27,
      28,
      28,
      28,
      29,
      29,
      30
    ],
    [
      28,
      29,
      30,
      56,
      29,
      30,
      56,
      30,
      56,
      56
    ]
  ],
  "is_terminal": false,
  "iteration": 25,
  "node_feature_dim": 20,
  "num_active_systems": 5,
  "num_edges": 10,
  "reward_signals": {
    "avg_f_change": 1.1284237255371359,
    "branching_factor": 7.12210445094217,
    "causal_graph": {
      "are_adjacent": false,
      "causal_proximity": 0.5,
      "interpretation": "Adjacent in causal graph = better operator projection",
      "metric_name": "Causal Graph Proximity"
    },
    "causal_proximity_score": 0.5,
    "composite_merge_quality": 0.55,
    "dead_end_ratio": 0.0,
    "delta_states": 65536,
    "did_shrink": false,
    "f_preservation_score": 0.8525813739049806,
    "f_stability_score": 0.8960446060459712,
    "f_stats": {
      "max": 35,
      "mean": 19.782472311612374,
      "min": 0,
      "std": 0.9979514313469411,
      "valid_count": 197014
    },
    "f_value_stability": 0.939507838186962,
    "gb_error": 0.5,
    "greedy_bisimulation": {
      "gb_error": 0.5,
      "interpretation": "Low error (0-0.2) = h-values compatible = GOOD",
      "metric_name": "Greedy Bisimulation Error",
      "violates_gb": true
    },
    "growth_ratio": 1.498456015455057,
    "h_star_after": 21,
    "h_star_before": 21,
    "h_star_delta": 0,
    "h_star_preservation": 1.0,
    "is_bad_merge": false,
    "is_good_merge": true,
    "is_solvable": true,
    "label_combinability": {
      "collapsible_label_count": 66,
      "combinability_score": 1.0,
      "interpretation": "High score = labels will collapse post-merge = GOOD",
      "metric_name": "Label Combinability"
    },
    "label_combinability_score": 1.0,
    "label_support": {
      "interpretation": "High (>0.6) = variables entangled = merge preserves constraints",
      "metric_name": "Label Support Overlap",
      "support_overlap": 1.0
    },
    "label_support_overlap": 1.0,
    "landmark_preservation": 1.0,
    "max_f_change": 1.1284237255371359,
    "merge_quality_score": 0.7255403945907299,
    "merged_size": 197014,
    "nodes_expanded": 197014,
    "num_active_systems": 5,
    "num_significant_f_changes": 0,
    "operator_costs": {
      "cost_variance_score": 1.0,
      "metric_name": "Operator Cost Variance"
    },
    "operator_projection": {
      "interpretation": "High (>0.7) = many projectable operators = GOOD merge",
      "metric_name": "Operator Projection Potential",
      "opp_score": 0.0
    },
    "opp_score": 0.0,
    "reachability_ratio": 1.0,
    "search_depth": 4.8,
    "search_efficiency_score": 0.0,
    "shrinkability": -0.498456015455057,
    "solution_cost": 0,
    "solution_found": true,
    "solution_quality_score": 1.0,
    "state_control_score": 0.501543984544943,
    "state_explosion_penalty": 0.498456015455057,
    "states_after": 197014,
    "states_before": 131478,
    "theoretical_product_size": 131478,
    "total_dead_ends": 0,
    "total_goal_states": 8196,
    "total_reachable": 197014,
    "total_states": 197014,
    "total_transitions": 5168247,
    "transition_density": 26.23289207873552,
    "transition_density_ratio": 1.0,
    "transition_explosion": {
      "density_ratio": 1.0,
      "interpretation": "Low ratio (<0.3) = good, High (>0.7) = explosion risk",
      "metric_name": "Transition Explosion Prediction"
    },
    "transition_growth": 1.0,
    "weighted_h_preservation": 1.0,
    "weighted_shrinkability": 0.0015439845449429779,
    "weighted_solvability": 1.0,
    "weighted_state_control": 0.501543984544943,
    "weighted_total_score": 0.6506947930452244,
    "weights": {
      "h_preservation": 0.4,
      "shrinkability": 0.25,
      "solvability": 0.15,
      "state_control": 0.2
    }
  },
  "timestamp": 1766158880,
  "x": [
    [
      8.12215730547905e-05,
      0.10661764442920685,
      1.0,
      0.11764705926179886,
      0.0,
      0.05000000074505806,
      0.0,
      1.0,
      1.0,
      0.0,
      0.0,
      0.0,
      0.0,
      0.0,
      0.0,
      0.0,
      0.0,
      0.0,
      0.0,
      0.0
    ],
    [
      1.0152696631848812e-05,
      0.1666666716337204,
      1.0,
      0.3333333432674408,
      0.0,
      0.05000000074505806,
      0.0,
      1.0,
      1.0,
      0.0,
      0.0,
      0.0,
      0.0,
      0.0,
      0.0,
      0.0,
      0.0,
      0.0,
      0.0,
      0.0
    ],
    [
      1.0152696631848812e-05,
      0.1666666716337204,
      1.0,
      0.0,
      0.0,
      0.05000000074505806,
      0.0,
      1.0,
      1.0,
      0.0,
      0.0,
      0.0,
      0.0,
      0.0,
      0.0,
      0.0,
      0.0,
      0.0,
      0.0,
      0.0
    ],
    [
      1.0152696631848812e-05,
      0.1666666716337204,
      1.0,
      0.0,
      0.0,
      0.05000000074505806,
      0.0,
      1.0,
      1.0,
      0.0,
      0.0,
      0.0,
      0.0,
      0.0,
      0.0,
      0.0,
      0.0,
      0.0,
      0.0,
      0.0
    ],
    [
      1.0,
      1.338113725068979e-05,
      1.0,
      9.1373804025352e-05,
      0.0,
      1.0,
      0.0,
      1.0,
      1.0,
      0.0,
      0.0,
      0.0,
      0.0,
      0.0,
      0.0,
      0.0,
      0.0,
      0.0,
      0.0,
      0.0
    ]
  ]
}