{
  "edge_feature_dim": 15,
  "edge_features": [],
  "edge_index": [
    [],
    []
  ],
  "is_terminal": true,
  "iteration": 29,
  "node_feature_dim": 20,
  "num_active_systems": 1,
  "num_edges": 0,
  "reward_signals": {
    "avg_f_change": 0.9579783933401096,
    "branching_factor": 7.33178908401921,
    "dead_end_ratio": 0.0,
    "delta_states": 29846,
    "did_shrink": false,
    "f_preservation_score": 0.7370439304746178,
    "f_stability_score": 0.8470651161198524,
    "f_stats": {
      "max": 38,
      "mean": 23.281349082485914,
      "min": 20,
      "std": 1.8375822095751213,
      "valid_count": 182613
    },
    "f_value_stability": 0.9570863017650868,
    "growth_ratio": 1.176459459139874,
    "h_star_after": 20,
    "h_star_before": 20,
    "h_star_delta": 0,
    "h_star_preservation": 1.0,
    "is_bad_merge": false,
    "is_good_merge": true,
    "is_solvable": true,
    "max_f_change": 0.9579783933401096,
    "merge_quality_score": 0.8300118946441872,
    "merged_size": 198984,
    "nodes_expanded": 182613,
    "num_active_systems": 1,
    "num_significant_f_changes": 0,
    "reachability_ratio": 0.9177270534314317,
    "search_depth": 20.0,
    "search_efficiency_score": 0.08227294656856832,
    "shrinkability": -0.17645945913987404,
    "solution_cost": 20,
    "solution_found": true,
    "solution_quality_score": 0.98,
    "state_control_score": 0.755785433944891,
    "state_explosion_penalty": 0.17645945913987404,
    "states_after": 198984,
    "states_before": 169138,
    "theoretical_product_size": 169138,
    "total_dead_ends": 0,
    "total_goal_states": 2049,
    "total_reachable": 182613,
    "total_states": 198984,
    "total_transitions": 1338880,
    "transition_density": 6.728581192457685,
    "transition_growth": 1.0,
    "weighted_h_preservation": 1.0,
    "weighted_shrinkability": 0.32354054086012596,
    "weighted_solvability": 1.0,
    "weighted_state_control": 0.755785433944891,
    "weighted_total_score": 0.7820422220040097,
    "weights": {
      "h_preservation": 0.4,
      "shrinkability": 0.25,
      "solvability": 0.15,
      "state_control": 0.2
    }
  },
  "timestamp": 1766158886,
  "x": [
    [
      1.0,
      2.0919831513310783e-05,
      0.9999949932098389,
      0.00010051008575828746,
      0.0,
      1.0,
      0.0,
      0.9177270531654358,
      0.9999949932098389,
      0.0,
      0.0,
      0.0,
      0.0,
      0.0,
      0.0,
      0.0,
      0.0,
      0.0,
      0.0,
      0.0
    ]
  ]
}