{
  "edge_feature_dim": 15,
  "edge_features": [
    [
      1.0,
      1.0,
      0.2230448921378274,
      0.004,
      1.0,
      1.0,
      1.0,
      0.0,
      1.0,
      0.0,
      0.5,
      0.0,
      0.0,
      0.0,
      0.0
    ],
    [
      1.0,
      1.0,
      0.2230448921378274,
      0.004,
      1.0,
      1.0,
      1.0,
      0.0,
      1.0,
      0.0,
      0.5,
      0.0,
      0.0,
      0.0,
      0.0
    ],
    [
      1.0,
      1.0,
      0.2230448921378274,
      0.004,
      1.0,
      1.0,
      1.0,
      0.0,
      1.0,
      0.0,
      0.5,
      0.0,
      0.0,
      0.0,
      0.0
    ],
    [
      1.0,
      1.0,
      0.14313637641589874,
      0.002,
      0.0,
      1.0,
      0.527027027027027,
      0.0,
      1.0,
      1.0,
      0.5,
      0.0,
      0.0,
      0.0,
      0.0
    ],
    [
      1.0,
      1.0,
      0.14313637641589874,
      0.002,
      0.0,
      1.0,
      0.8783783783783784,
      0.0,
      1.0,
      1.0,
      0.5,
      0.0,
      0.0,
      0.0,
      0.0
    ],
    [
      1.0,
      1.0,
      0.6238780268331385,
      0.016,
      0.25,
      1.0,
      0.052160026264375194,
      0.0,
      1.0,
      0.8571428571428571,
      0.5,
      0.0,
      0.0,
      0.0,
      0.0
    ],
    [
      1.0,
      1.0,
      0.2230448921378274,
      0.004,
      1.0,
      1.0,
      1.0,
      0.0,
      1.0,
      0.0,
      0.5,
      0.0,
      0.0,
      0.0,
      0.0
    ],
    [
      1.0,
      1.0,
      0.2230448921378274,
      0.004,
      1.0,
      1.0,
      1.0,
      0.0,
      1.0,
      0.0,
      0.5,
      0.0,
      0.0,
      0.0,
      0.0
    ],
    [
      1.0,
      1.0,
      0.14313637641589874,
      0.002,
      0.0,
      1.0,
      0.527027027027027,
      0.0,
      1.0,
      1.0,
      0.5,
      0.0,
      0.0,
      0.0,
      0.0
    ],
    [
      1.0,
      1.0,
      0.14313637641589874,
      0.002,
      0.0,
      1.0,
      0.8783783783783784,
      0.0,
      1.0,
      1.0,
      0.5,
      0.0,
      0.0,
      0.0,
      0.0
    ],
    [
      1.0,
      1.0,
      0.6238780268331385,
      0.016,
      0.25,
      1.0,
      0.052160026264375194,
      0.0,
      1.0,
      0.8571428571428571,
      0.5,
      0.0,
      0.0,
      0.0,
      0.0
    ],
    [
      1.0,
      1.0,
      0.2230448921378274,
      0.004,
      1.0,
      1.0,
      1.0,
      0.0,
      1.0,
      0.0,
      0.5,
      0.0,
      0.0,
      0.0,
      0.0
    ],
    [
      1.0,
      1.0,
      0.14313637641589874,
      0.002,
      0.0,
      1.0,
      0.527027027027027,
      0.0,
      1.0,
      1.0,
      0.5,
      0.0,
      0.0,
      0.0,
      0.0
    ],
    [
      1.0,
      1.0,
      0.14313637641589874,
      0.002,
      0.0,
      1.0,
      0.8783783783783784,
      0.0,
      1.0,
      1.0,
      0.5,
      0.0,
      0.0,
      0.0,
      0.0
    ],
    [
      1.0,
      1.0,
      0.6238780268331385,
      0.016,
      0.25,
      1.0,
      0.052160026264375194,
      0.0,
      1.0,
      0.8571428571428571,
      0.5,
      0.0,
      0.0,
      0.0,
      0.0
    ],
    [
      1.0,
      1.0,
      0.14313637641589874,
      0.002,
      0.0,
      1.0,
      0.527027027027027,
      0.0,
      1.0,
      1.0,
      0.5,
      0.0,
      0.0,
      0.0,
      0.0
    ],
    [
      1.0,
      1.0,
      0.14313637641589874,
      0.002,
      0.0,
      1.0,
      0.8783783783783784,
      0.0,
      1.0,
      1.0,
      0.5,
      0.0,
      0.0,
      0.0,
      0.0
    ],
    [
      1.0,
      1.0,
      0.6238780268331385,
      0.016,
      0.25,
      1.0,
      0.052160026264375194,
      0.0,
      1.0,
      0.8571428571428571,
      0.5,
      0.0,
      0.0,
      0.0,
      0.0
    ],
    [
      1.0,
      1.0,
      0.06989700043360189,
      0.0,
      0.5,
      1.0,
      0.6,
      0.0,
      1.0,
      0.0,
      0.5,
      0.0,
      0.0,
      0.0,
      0.0
    ],
    [
      1.0,
      1.0,
      0.5425868290059263,
      0.014,
      0.0,
      1.0,
      0.027489743571765302,
      0.0,
      1.0,
      1.0,
      0.5,
      0.0,
      0.0,
      0.0,
      0.0
    ],
    [
      1.0,
      1.0,
      0.5425868290059263,
      0.014,
      0.0,
      1.0,
      0.045816239286275505,
      0.0,
      1.0,
      1.0,
      0.5,
      0.0,
      0.0,
      0.0,
      0.0
    ]
  ],
  "edge_index": [
    [
      19,
      19,
      19,
      19,
      19,
      19,
      20,
      20,
      20,
      20,
      20,
      21,
      21,
      21,
      21,
      22,
      22,
      22,
      23,
      23,
      24
    ],
    [
      20,
      21,
      22,
      23,
      24,
      42,
      21,
      22,
      23,
      24,
      42,
      22,
      23,
      24,
      42,
      23,
      24,
      42,
      24,
      42,
      42
    ]
  ],
  "is_terminal": false,
  "iteration": 17,
  "node_feature_dim": 20,
  "num_active_systems": 7,
  "num_edges": 21,
  "reward_signals": {
    "avg_f_change": 0.9710189632310087,
    "branching_factor": 9.992917264128497,
    "causal_graph": {
      "are_adjacent": false,
      "causal_proximity": 0.5,
      "interpretation": "Adjacent in causal graph = better operator projection",
      "metric_name": "Causal Graph Proximity"
    },
    "causal_proximity_score": 0.5,
    "composite_merge_quality": 0.65,
    "dead_end_ratio": 0.0,
    "delta_states": -59891,
    "did_shrink": true,
    "f_preservation_score": 0.9258859348090266,
    "f_stability_score": 0.9306346180889723,
    "f_stats": {
      "max": 21,
      "mean": 15.998387798257323,
      "min": 0,
      "std": 1.138369518904837,
      "valid_count": 133358
    },
    "f_value_stability": 0.935383301368918,
    "gb_error": 0.0,
    "greedy_bisimulation": {
      "gb_error": 0.0,
      "interpretation": "Low error (0-0.2) = h-values compatible = GOOD",
      "metric_name": "Greedy Bisimulation Error",
      "violates_gb": false
    },
    "growth_ratio": 0.6900837779238185,
    "h_star_after": 22,
    "h_star_before": 23,
    "h_star_delta": -1,
    "h_star_preservation": 0.9565217391304348,
    "is_bad_merge": false,
    "is_good_merge": true,
    "is_solvable": true,
    "label_combinability": {
      "collapsible_label_count": 124,
      "combinability_score": 1.0,
      "interpretation": "High score = labels will collapse post-merge = GOOD",
      "metric_name": "Label Combinability"
    },
    "label_combinability_score": 1.0,
    "label_support": {
      "interpretation": "High (>0.6) = variables entangled = merge preserves constraints",
      "metric_name": "Label Support Overlap",
      "support_overlap": 1.0
    },
    "label_support_overlap": 1.0,
    "landmark_preservation": 1.0,
    "max_f_change": 0.9710189632310087,
    "merge_quality_score": 0.9157742309032704,
    "merged_size": 133358,
    "nodes_expanded": 133358,
    "num_active_systems": 7,
    "num_significant_f_changes": 0,
    "operator_costs": {
      "cost_variance_score": 1.0,
      "metric_name": "Operator Cost Variance"
    },
    "operator_projection": {
      "interpretation": "High (>0.7) = many projectable operators = GOOD merge",
      "metric_name": "Operator Projection Potential",
      "opp_score": 0.0
    },
    "opp_score": 0.0,
    "reachability_ratio": 1.0,
    "search_depth": 3.5714285714285716,
    "search_efficiency_score": 0.0,
    "shrinkability": 0.3099162220761815,
    "solution_cost": 0,
    "solution_found": true,
    "solution_quality_score": 1.0,
    "state_control_score": 1.0,
    "state_explosion_penalty": 0.0,
    "states_after": 133358,
    "states_before": 193249,
    "theoretical_product_size": 193249,
    "total_dead_ends": 0,
    "total_goal_states": 2054,
    "total_reachable": 133358,
    "total_states": 133358,
    "total_transitions": 7273887,
    "transition_density": 54.544061848558016,
    "transition_density_ratio": 1.0,
    "transition_explosion": {
      "density_ratio": 1.0,