{
  "edge_feature_dim": 10,
  "edge_features": [
    [
      1.0,
      1.0,
      0.0,
      0.06989700043360189,
      0.0,
      0.0,
      0.5,
      1.0,
      1.0,
      1.0
    ],
    [
      1.0,
      1.0,
      0.0,
      0.49790609995572305,
      0.0,
      0.008,
      0.0,
      1.0,
      4.1976241447340805e-05,
      0.010839649447474998
    ],
    [
      1.0,
      1.0,
      0.0,
      0.49790609995572305,
      0.0,
      0.008,
      0.0,
      1.0,
      4.1976241447340805e-05,
      0.010839649447474998
    ]
  ],
  "edge_index": [
    [
      0,
      0,
      1
    ],
    [
      1,
      42,
      42
    ]
  ],
  "is_terminal": false,
  "iteration": 19,
  "node_feature_dim": 15,
  "num_active_systems": 3,
  "num_edges": 3,
  "reward_signals": {
    "avg_f_change": 0.004006819436629172,
    "branching_factor": 78.91294628735317,
    "dead_end_ratio": 0.0,
    "delta_states": -1434,
    "did_shrink": true,
    "f_preservation_score": 0.9177191272177068,
    "f_stability_score": 0.9586541393291643,
    "f_stats": {
      "max": 14,
      "mean": 9.756552727579445,
      "min": 0,
      "std": 0.9760474181667462,
      "valid_count": 47423
    },
    "f_value_stability": 0.9995891514406219,
    "growth_ratio": 0.9707847771167794,
    "h_star_after": 8,
    "h_star_before": 8,
    "h_star_delta": 0,
    "h_star_preservation": 1.0,
    "is_bad_merge": false,
    "is_good_merge": true,
    "is_solvable": true,
    "max_f_change": 0.07994186977005424,
    "merge_quality_score": 0.9024451319420471,
    "merged_size": 47650,
    "nodes_expanded": 47423,
    "num_active_systems": 3,
    "num_significant_f_changes": 0,
    "reachability_ratio": 0.9952360965372508,
    "search_depth": 3.3333333333333335,
    "search_efficiency_score": 0.004763903462749242,
    "shrinkability": 0.02921522288322065,
    "solution_cost": 0,
    "solution_found": true,
    "solution_quality_score": 1.0,
    "state_control_score": 0.9952360965372508,
    "state_explosion_penalty": 0.0,
    "states_after": 47650,
    "states_before": 49084,
    "theoretical_product_size": 49084,
    "total_dead_ends": 0,
    "total_goal_states": 20,
    "total_reachable": 47423,
    "total_states": 47650,
    "total_transitions": 10988834,
    "transition_density": 230.61561385099685,
    "transition_growth": 1.0,
    "weighted_h_preservation": 1.0,
    "weighted_shrinkability": 0.5292152228832206,
    "weighted_solvability": 1.0,
    "weighted_state_control": 0.9952360965372508,
    "weighted_total_score": 0.8813510250282554,
    "weights": {
      "h_preservation": 0.4,
      "shrinkability": 0.25,
      "solvability": 0.15,
      "state_control": 0.2
    }
  },
  "timestamp": 1764867136,
  "x": [
    [
      4.19762400269974e-05,
      0.0,
      0.0,
      1.0,
      0.0,
      1.0,
      1.0,
      0.0,
      0.0,
      1.0,
      0.0,
      0.12820513546466827,
      0.6000000238418579,
      0.05000000074505806,
      0.4000000059604645
    ],
    [
      4.19762400269974e-05,
      0.0,
      0.0,
      1.0,
      0.0,
      1.0,
      1.0,
      0.0,
      0.0,
      1.0,
      0.0,
      0.12820513546466827,
      0.6000000238418579,
      0.05000000074505806,
      0.4000000059604645
    ],
    [
      1.0,
      0.0,
      9.501632302999496e-05,
      1.0,
      0.00023086932196747512,
      1.0,
      1.0,
      0.00016790143854450434,
      0.0,
      0.0003358099202159792,
      2.0473073163884692e-05,
      1.0,
      0.0022097905166447163,
      1.0,
      0.004335859790444374
    ]
  ]
}