{
  "edge_feature_dim": 10,
  "edge_features": [
    [
      1.0,
      1.0,
      0.0,
      0.06989700043360189,
      0.0,
      0.0,
      0.5,
      1.0,
      1.0,
      1.0
    ],
    [
      1.0,
      1.0,
      0.0,
      0.06989700043360189,
      0.0,
      0.0,
      0.5,
      1.0,
      1.0,
      1.0
    ],
    [
      1.0,
      1.0,
      0.0,
      0.06989700043360189,
      0.0,
      0.0,
      0.5,
      1.0,
      1.0,
      1.0
    ],
    [
      1.0,
      1.0,
      0.0,
      0.06989700043360189,
      0.0,
      0.0,
      0.5,
      1.0,
      1.0,
      1.0
    ],
    [
      1.0,
      1.0,
      0.0,
      0.06989700043360189,
      0.0,
      0.0,
      0.5,
      1.0,
      1.0,
      1.0
    ],
    [
      1.0,
      1.0,
      0.0,
      0.06989700043360189,
      0.0,
      0.0,
      0.5,
      1.0,
      1.0,
      1.0
    ],
    [
      1.0,
      1.0,
      0.0,
      0.06989700043360189,
      0.0,
      0.0,
      0.5,
      1.0,
      1.0,
      1.0
    ],
    [
      1.0,
      1.0,
      0.0,
      0.4976262836204536,
      0.0,
      0.008,
      0.0,
      1.0,
      4.224757076468103e-05,
      0.06595376047890177
    ],
    [
      1.0,
      1.0,
      0.0,
      0.06989700043360189,
      0.0,
      0.0,
      0.5,
      1.0,
      1.0,
      1.0
    ],
    [
      1.0,
      1.0,
      0.0,
      0.06989700043360189,
      0.0,
      0.0,
      0.5,
      1.0,
      1.0,
      1.0
    ],
    [
      1.0,
      1.0,
      0.0,
      0.06989700043360189,
      0.0,
      0.0,
      0.5,
      1.0,
      1.0,
      1.0
    ],
    [
      1.0,
      1.0,
      0.0,
      0.06989700043360189,
      0.0,
      0.0,
      0.5,
      1.0,
      1.0,
      1.0
    ],
    [
      1.0,
      1.0,
      0.0,
      0.06989700043360189,
      0.0,
      0.0,
      0.5,
      1.0,
      1.0,
      1.0
    ],
    [
      1.0,
      1.0,
      0.0,
      0.06989700043360189,
      0.0,
      0.0,
      0.5,
      1.0,
      1.0,
      1.0
    ],
    [
      1.0,
      1.0,
      0.0,
      0.4976262836204536,
      0.0,
      0.008,
      0.0,
      1.0,
      4.224757076468103e-05,
      0.06595376047890177
    ],
    [
      1.0,
      1.0,
      0.0,
      0.06989700043360189,
      0.0,
      0.0,
      0.5,
      1.0,
      1.0,
      1.0
    ],
    [
      1.0,
      1.0,
      0.0,
      0.06989700043360189,
      0.0,
      0.0,
      0.5,
      1.0,
      1.0,
      1.0
    ],
    [
      1.0,
      1.0,
      0.0,
      0.06989700043360189,
      0.0,
      0.0,
      0.5,
      1.0,
      1.0,
      1.0
    ],
    [
      1.0,
      1.0,
      0.0,
      0.06989700043360189,
      0.0,
      0.0,
      0.5,
      1.0,
      1.0,
      1.0
    ],
    [
      1.0,
      1.0,
      0.0,
      0.06989700043360189,
      0.0,
      0.0,
      0.5,
      1.0,
      1.0,
      1.0
    ],
    [
      1.0,
      1.0,
      0.0,
      0.4976262836204536,
      0.0,
      0.008,
      0.0,
      1.0,
      4.224757076468103e-05,
      0.06595376047890177
    ],
    [
      1.0,
      1.0,
      0.0,
      0.06989700043360189,
      0.0,
      0.0,
      0.5,
      1.0,
      1.0,
      1.0
    ],
    [
      1.0,
      1.0,
      0.0,
      0.06989700043360189,
      0.0,
      0.0,
      0.5,
      1.0,
      1.0,
      1.0
    ],
    [
      1.0,
      1.0,
      0.0,
      0.06989700043360189,
      0.0,
      0.0,
      0.5,
      1.0,
      1.0,
      1.0
    ],
    [
      1.0,
      1.0,
      0.0,
      0.06989700043360189,
      0.0,
      0.0,
      0.5,
      1.0,
      1.0,
      1.0
    ],
    [
      1.0,
      1.0,
      0.0,
      0.4976262836204536,
      0.0,
      0.008,
      0.0,
      1.0,
      4.224757076468103e-05,
      0.06595376047890177
    ],
    [
      1.0,
      1.0,
      0.0,
      0.06989700043360189,
      0.0,
      0.0,
      0.5,
      1.0,
      1.0,
      1.0
    ],
    [
      1.0,
      1.0,
      0.0,
      0.06989700043360189,
      0.0,
      0.0,
      0.5,
      1.0,
      1.0,
      1.0
    ],
    [
      1.0,
      1.0,
      0.0,
      0.06989700043360189,
      0.0,
      0.0,
      0.5,
      1.0,
      1.0,
      1.0
    ],
    [
      1.0,
      1.0,
      0.0,
      0.4976262836204536,
      0.0,
      0.008,
      0.0,
      1.0,
      4.224757076468103e-05,
      0.06595376047890177
    ],
    [
      1.0,
      1.0,
      0.0,
      0.06989700043360189,
      0.0,
      0.0,
      0.5,
      1.0,
      1.0,
      1.0
    ],
    [
      1.0,
      1.0,
      0.0,
      0.06989700043360189,
      0.0,
      0.0,
      0.5,
      1.0,
      1.0,
      1.0
    ],
    [
      1.0,
      1.0,
      0.0,
      0.4976262836204536,
      0.0,
      0.008,
      0.0,
      1.0,
      4.224757076468103e-05,
      0.06595376047890177
    ],
    [
      1.0,
      1.0,
      0.0,
      0.06989700043360189,
      0.0,
      0.0,
      0.5,
      1.0,
      1.0,
      1.0
    ],
    [
      1.0,
      1.0,
      0.0,
      0.4976262836204536,
      0.0,
      0.008,
      0.0,
      1.0,
      4.224757076468103e-05,
      0.06595376047890177
    ],
    [
      1.0,
      1.0,
      0.0,
      0.4976262836204536,
      0.0,
      0.008,
      0.0,
      1.0,
      4.224757076468103e-05,
      0.06595376047890177
    ]
  ],
  "edge_index": [
    [
      0,
      0,
      0,
      0,
      0,
      0,
      0,
      0,
      1,
      1,
      1,
      1,
      1,
      1,
      1,
      2,
      2,
      2,
      2,
      2,
      2,
      3,
      3,
      3,
      3,
      3,
      4,
      4,
      4,
      4,
      5,
      5,
      5,
      6,
      6,
      7
    ],
    [
      1,
      2,
      3,
      4,
      5,
      6,
      7,
      36,
      2,
      3,
      4,
      5,
      6,
      7,
      36,
      3,
      4,
      5,
      6,
      7,
      36,
      4,
      5,
      6,
      7,
      36,
      5,
      6,
      7,
      36,
      6,
      7,
      36,
      7,
      36,
      36
    ]
  ],
  "is_terminal": false,
  "iteration": 13,
  "node_feature_dim": 15,
  "num_active_systems": 9,
  "num_edges": 36,
  "reward_signals": {
    "avg_f_change": 0.06733783099803681,
    "branching_factor": 6.436776020968969,
    "dead_end_ratio": 0.0,
    "delta_states": 6340,
    "did_shrink": false,
    "f_preservation_score": 0.9233100724342087,
    "f_stability_score": 0.9582273518376054,
    "f_stats": {
      "max": 13,
      "mean": 9.755303862733497,
      "min": 0,
      "std": 0.7083371966764409,
      "valid_count": 47324
    },
    "f_value_stability": 0.9931446312410022,
    "growth_ratio": 1.1545738248488395,
    "h_star_after": 8,
    "h_star_before": 8,
    "h_star_delta": 0,
    "h_star_preservation": 1.0,
    "is_bad_merge": false,
    "is_good_merge": true,
    "is_solvable": true,
    "max_f_change": 0.06733783099803681,
    "merge_quality_score": 0.8458315880281363,
    "merged_size": 47356,
    "nodes_expanded": 47324,
    "num_active_systems": 9,
    "num_significant_f_changes": 0,
    "reachability_ratio": 0.9993242672523017,
    "search_depth": 1.7777777777777777,
    "search_efficiency_score": 0.0006757327476982766,
    "shrinkability": -0.15457382484883953,
    "solution_cost": 0,
    "solution_found": true,
    "solution_quality_score": 1.0,
    "state_control_score": 0.8448548929988495,
    "state_explosion_penalty": 0.15457382484883953,
    "states_after": 47356,
    "states_before": 41016,
    "theoretical_product_size": 41016,
    "total_dead_ends": 0,
    "total_goal_states": 20,
    "total_reachable": 47324,
    "total_states": 47356,
    "total_transitions": 1794479,
    "transition_density": 37.89338204240223,
    "transition_growth": 1.0,
    "weighted_h_preservation": 1.0,
    "weighted_shrinkability": 0.3454261751511605,
    "weighted_solvability": 1.0,
    "weighted_state_control": 0.8448548929988495,
    "weighted_total_score": 0.8053275223875601,
    "weights": {
      "h_preservation": 0.4,
      "shrinkability": 0.25,