{
  "edge_feature_dim": 10,
  "edge_features": [
    [
      1.0,
      1.0,
      0.0,
      0.06989700043360189,
      0.0,
      0.0,
      0.5,
      1.0,
      1.0,
      1.0
    ],
    [
      1.0,
      1.0,
      0.0,
      0.06989700043360189,
      0.0,
      0.0,
      0.5,
      1.0,
      1.0,
      1.0
    ],
    [
      1.0,
      1.0,
      0.0,
      0.06989700043360189,
      0.0,
      0.0,
      0.5,
      1.0,
      1.0,
      1.0
    ],
    [
      1.0,
      1.0,
      0.0,
      0.49616536048162646,
      0.0,
      0.008,
      0.0,
      1.0,
      4.369292611526194e-05,
      0.019736573188649627
    ],
    [
      1.0,
      1.0,
      0.0,
      0.06989700043360189,
      0.0,
      0.0,
      0.5,
      1.0,
      1.0,
      1.0
    ],
    [
      1.0,
      1.0,
      0.0,
      0.06989700043360189,
      0.0,
      0.0,
      0.5,
      1.0,
      1.0,
      1.0
    ],
    [
      1.0,
      1.0,
      0.0,
      0.49616536048162646,
      0.0,
      0.008,
      0.0,
      1.0,
      4.369292611526194e-05,
      0.019736573188649627
    ],
    [
      1.0,
      1.0,
      0.0,
      0.06989700043360189,
      0.0,
      0.0,
      0.5,
      1.0,
      1.0,
      1.0
    ],
    [
      1.0,
      1.0,
      0.0,
      0.49616536048162646,
      0.0,
      0.008,
      0.0,
      1.0,
      4.369292611526194e-05,
      0.019736573188649627
    ],
    [
      1.0,
      1.0,
      0.0,
      0.49616536048162646,
      0.0,
      0.008,
      0.0,
      1.0,
      4.369292611526194e-05,
      0.019736573188649627
    ]
  ],
  "edge_index": [
    [
      0,
      0,
      0,
      0,
      1,
      1,
      1,
      2,
      2,
      3
    ],
    [
      1,
      2,
      3,
      40,
      2,
      3,
      40,
      3,
      40,
      40
    ]
  ],
  "is_terminal": false,
  "iteration": 17,
  "node_feature_dim": 15,
  "num_active_systems": 5,
  "num_edges": 10,
  "reward_signals": {
    "avg_f_change": 0.14640532899636405,
    "branching_factor": 27.40527549567313,
    "dead_end_ratio": 0.0,
    "delta_states": 9490,
    "did_shrink": false,
    "f_preservation_score": 0.9715479190939011,
    "f_stability_score": 0.9781064905500282,
    "f_stats": {
      "max": 14,
      "mean": 9.69357983046021,
      "min": 0,
      "std": 0.8467234370766964,
      "valid_count": 45653
    },
    "f_value_stability": 0.9846650620061552,
    "growth_ratio": 1.2614901355670671,
    "h_star_after": 8,
    "h_star_before": 8,
    "h_star_delta": 0,
    "h_star_preservation": 1.0,
    "is_bad_merge": false,
    "is_good_merge": true,
    "is_solvable": true,
    "max_f_change": 0.14640532899636405,
    "merge_quality_score": 0.8081966824235285,
    "merged_size": 45782,
    "nodes_expanded": 45653,
    "num_active_systems": 5,
    "num_significant_f_changes": 0,
    "reachability_ratio": 0.997182298720021,
    "search_depth": 2.4,
    "search_efficiency_score": 0.0028177012799790457,
    "shrinkability": -0.26149013556706713,
    "solution_cost": 0,
    "solution_found": true,
    "solution_quality_score": 1.0,
    "state_control_score": 0.736428964242643,
    "state_explosion_penalty": 0.26149013556706713,
    "states_after": 45782,
    "states_before": 36292,
    "theoretical_product_size": 36292,
    "total_dead_ends": 0,
    "total_goal_states": 16,
    "total_reachable": 45653,
    "total_states": 45782,
    "total_transitions": 5798139,
    "transition_density": 126.64669520772355,
    "transition_growth": 1.0,
    "weighted_h_preservation": 1.0,
    "weighted_shrinkability": 0.23850986443293287,
    "weighted_solvability": 1.0,
    "weighted_state_control": 0.736428964242643,
    "weighted_total_score": 0.7569132589567619,
    "weights": {
      "h_preservation": 0.4,
      "shrinkability": 0.25,
      "solvability": 0.15,
      "state_control": 0.2
    }
  },
  "timestamp": 1764867131,
  "x": [
    [
      4.369292582850903e-05,
      0.0,
      0.0,
      1.0,
      0.0,
      1.0,
      1.0,
      0.0,
      0.0,
      1.0,
      0.0,
      0.053763438016176224,
      0.6000000238418579,
      0.05000000074505806,
      0.4000000059604645
    ],
    [
      4.369292582850903e-05,
      0.0,
      0.0,
      1.0,
      0.0,
      1.0,
      1.0,
      0.0,
      0.0,
      1.0,
      0.0,
      0.053763438016176224,
      0.6000000238418579,
      0.05000000074505806,
      0.4000000059604645
    ],
    [
      4.369292582850903e-05,
      0.0,
      0.0,
      1.0,
      0.0,
      1.0,
      1.0,
      0.0,
      0.0,
      1.0,
      0.0,
      0.053763438016176224,
      0.6000000238418579,
      0.05000000074505806,
      0.4000000059604645
    ],
    [
      4.369292582850903e-05,
      0.0,
      0.0,
      1.0,
      0.0,
      1.0,
      1.0,
      0.0,
      0.0,
      1.0,
      0.0,
      0.053763438016176224,
      0.6000000238418579,
      0.05000000074505806,
      0.4000000059604645
    ],
    [
      1.0,
      0.0,
      9.69491375144571e-05,
      1.0,
      0.0002403110993327573,
      1.0,
      1.0,
      0.0001747678907122463,
      0.0,
      0.00017477170331403613,
      2.01116763491882e-05,
      1.0,
      0.0035251087974756956,
      0.949999988079071,
      0.007894628681242466
    ]
  ]
}