{
  "edge_feature_dim": 10,
  "edge_features": [
    [
      1.0,
      1.0,
      0.0,
      0.06989700043360189,
      0.0,
      0.0,
      0.5,
      1.0,
      1.0,
      1.0
    ],
    [
      1.0,
      1.0,
      0.0,
      0.06989700043360189,
      0.0,
      0.0,
      0.5,
      1.0,
      1.0,
      1.0
    ],
    [
      1.0,
      1.0,
      0.0,
      0.06989700043360189,
      0.0,
      0.0,
      0.5,
      1.0,
      1.0,
      1.0
    ],
    [
      1.0,
      1.0,
      0.0,
      0.06989700043360189,
      0.0,
      0.0,
      0.5,
      1.0,
      1.0,
      1.0
    ],
    [
      1.0,
      1.0,
      0.0,
      0.06989700043360189,
      0.0,
      0.0,
      0.5,
      1.0,
      1.0,
      1.0
    ],
    [
      1.0,
      1.0,
      0.0,
      0.4947164042276876,
      0.0,
      0.008,
      0.0,
      1.0,
      4.517528008673654e-05,
      0.03554917175054939
    ],
    [
      1.0,
      1.0,
      0.0,
      0.06989700043360189,
      0.0,
      0.0,
      0.5,
      1.0,
      1.0,
      1.0
    ],
    [
      1.0,
      1.0,
      0.0,
      0.06989700043360189,
      0.0,
      0.0,
      0.5,
      1.0,
      1.0,
      1.0
    ],
    [
      1.0,
      1.0,
      0.0,
      0.06989700043360189,
      0.0,
      0.0,
      0.5,
      1.0,
      1.0,
      1.0
    ],
    [
      1.0,
      1.0,
      0.0,
      0.06989700043360189,
      0.0,
      0.0,
      0.5,
      1.0,
      1.0,
      1.0
    ],
    [
      1.0,
      1.0,
      0.0,
      0.4947164042276876,
      0.0,
      0.008,
      0.0,
      1.0,
      4.517528008673654e-05,
      0.03554917175054939
    ],
    [
      1.0,
      1.0,
      0.0,
      0.06989700043360189,
      0.0,
      0.0,
      0.5,
      1.0,
      1.0,
      1.0
    ],
    [
      1.0,
      1.0,
      0.0,
      0.06989700043360189,
      0.0,
      0.0,
      0.5,
      1.0,
      1.0,
      1.0
    ],
    [
      1.0,
      1.0,
      0.0,
      0.06989700043360189,
      0.0,
      0.0,
      0.5,
      1.0,
      1.0,
      1.0
    ],
    [
      1.0,
      1.0,
      0.0,
      0.4947164042276876,
      0.0,
      0.008,
      0.0,
      1.0,
      4.517528008673654e-05,
      0.03554917175054939
    ],
    [
      1.0,
      1.0,
      0.0,
      0.06989700043360189,
      0.0,
      0.0,
      0.5,
      1.0,
      1.0,
      1.0
    ],
    [
      1.0,
      1.0,
      0.0,
      0.06989700043360189,
      0.0,
      0.0,
      0.5,
      1.0,
      1.0,
      1.0
    ],
    [
      1.0,
      1.0,
      0.0,
      0.4947164042276876,
      0.0,
      0.008,
      0.0,
      1.0,
      4.517528008673654e-05,
      0.03554917175054939
    ],
    [
      1.0,
      1.0,
      0.0,
      0.06989700043360189,
      0.0,
      0.0,
      0.5,
      1.0,
      1.0,
      1.0
    ],
    [
      1.0,
      1.0,
      0.0,
      0.4947164042276876,
      0.0,
      0.008,
      0.0,
      1.0,
      4.517528008673654e-05,
      0.03554917175054939
    ],
    [
      1.0,
      1.0,
      0.0,
      0.4947164042276876,
      0.0,
      0.008,
      0.0,
      1.0,
      4.517528008673654e-05,
      0.03554917175054939
    ]
  ],
  "edge_index": [
    [
      0,
      0,
      0,
      0,
      0,
      0,
      1,
      1,
      1,
      1,
      1,
      2,
      2,
      2,
      2,
      3,
      3,
      3,
      4,
      4,
      5
    ],
    [
      1,
      2,
      3,
      4,
      5,
      38,
      2,
      3,
      4,
      5,
      38,
      3,
      4,
      5,
      38,
      4,
      5,
      38,
      5,
      38,
      38
    ]
  ],
  "is_terminal": false,
  "iteration": 15,
  "node_feature_dim": 15,
  "num_active_systems": 7,
  "num_edges": 21,
  "reward_signals": {
    "avg_f_change": 0.11538104912392377,
    "branching_factor": 12.205669036845507,
    "dead_end_ratio": 0.0,
    "delta_states": -3876,
    "did_shrink": true,
    "f_preservation_score": 0.9067448970101853,
    "f_stability_score": 0.9474147308614795,
    "f_stats": {
      "max": 13,
      "mean": 9.567945354202479,
      "min": 0,
      "std": 0.8571772458565595,
      "valid_count": 44212
    },
    "f_value_stability": 0.9880845647127738,
    "growth_ratio": 0.9195182724252492,
    "h_star_after": 8,
    "h_star_before": 8,
    "h_star_delta": 0,
    "h_star_preservation": 1.0,
    "is_bad_merge": false,
    "is_good_merge": true,
    "is_solvable": true,
    "max_f_change": 0.11538104912392377,
    "merge_quality_score": 0.9078855858186259,
    "merged_size": 44284,
    "nodes_expanded": 44212,
    "num_active_systems": 7,
    "num_significant_f_changes": 0,
    "reachability_ratio": 0.9983741306115076,
    "search_depth": 2.0,
    "search_efficiency_score": 0.001625869388492407,
    "shrinkability": 0.0804817275747508,
    "solution_cost": 0,
    "solution_found": true,
    "solution_quality_score": 1.0,
    "state_control_score": 0.9983741306115076,
    "state_explosion_penalty": 0.0,
    "states_after": 44284,
    "states_before": 48160,
    "theoretical_product_size": 48160,
    "total_dead_ends": 0,
    "total_goal_states": 16,
    "total_reachable": 44212,
    "total_states": 44284,
    "total_transitions": 3113464,
    "transition_density": 70.30674735796224,
    "transition_growth": 1.0,
    "weighted_h_preservation": 1.0,
    "weighted_shrinkability": 0.5804817275747508,
    "weighted_solvability": 1.0,
    "weighted_state_control": 0.9983741306115076,
    "weighted_total_score": 0.8947952580159894,
    "weights": {
      "h_preservation": 0.4,
      "shrinkability": 0.25,
      "solvability": 0.15,
      "state_control": 0.2
    }
  },
  "timestamp": 1764867128,
  "x": [
    [
      4.5175278501119465e-05,
      0.0,
      0.0,
      1.0,
      0.0,
      1.0,
      1.0,
      0.0,
      0.0,
      1.0,
      0.0,
      0.02923976629972458,
      0.6000000238418579,
      0.05000000074505806,
      0.4000000059604645
    ],
    [
      4.5175278501119465e-05,
      0.0,
      0.0,
      1.0,
      0.0,
      1.0,
      1.0,
      0.0,
      0.0,
      1.0,
      0.0,
      0.02923976629972458,
      0.6000000238418579,
      0.05000000074505806,
      0.4000000059604645
    ],
    [
      4.5175278501119465e-05,
      0.0,
      0.0,
      1.0,
      0.0,
      1.0,
      1.0,
      0.0,
      0.0,
      1.0,
      0.0,
      0.02923976629972458,
      0.6000000238418579,
      0.05000000074505806,
      0.4000000059604645
    ],
    [
      4.5175278501119465e-05,
      0.0,
      0.0,
      1.0,
      0.0,
      1.0,
      1.0,
      0.0,
      0.0,
      1.0,
      0.0,
      0.02923976629972458,
      0.6000000238418579,
      0.05000000074505806,
      0.4000000059604645
    ],
    [
      4.5175278501119465e-05,
      0.0,
      0.0,
      1.0,
      0.0,
      1.0,
      1.0,
      0.0,
      0.0,
      1.0,
      0.0,
      0.02923976629972458,
      0.6000000238418579,
      0.05000000074505806,
      0.4000000059604645
    ],
    [
      4.5175278501119465e-05,
      0.0,
      0.0,
      1.0,
      0.0,
      1.0,
      1.0,
      0.0,
      0.0,
      1.0,
      0.0,
      0.02923976629972458,
      0.6000000238418579,
      0.05000000074505806,
      0.4000000059604645
    ],
    [
      1.0,
      0.0,
      9.72707784967497e-05,
      1.0,
      0.00024846402811817825,
      1.0,
      1.0,
      0.00018069703946821392,
      0.0,
      9.035055700223893e-05,
      2.0831117581110448e-05,
      1.0,
      0.00443433178588748,
      0.8500000238418579,
      0.014219668693840504
    ]
  ]
}