{
  "edge_feature_dim": 10,
  "edge_features": [
    [
      1.0,
      1.0,
      0.0,
      0.06989700043360189,
      0.0,
      0.0,
      0.5,
      1.0,
      1.0,
      1.0
    ],
    [
      1.0,
      1.0,
      0.0,
      0.06989700043360189,
      0.0,
      0.0,
      0.5,
      1.0,
      1.0,
      1.0
    ],
    [
      1.0,
      1.0,
      0.0,
      0.4991921276457377,
      0.0,
      0.008,
      0.0,
      1.0,
      4.075145686458291e-05,
      0.01471852228171584
    ],
    [
      1.0,
      1.0,
      0.0,
      0.06989700043360189,
      0.0,
      0.0,
      0.5,
      1.0,
      1.0,
      1.0
    ],
    [
      1.0,
      1.0,
      0.0,
      0.4991921276457377,
      0.0,
      0.008,
      0.0,
      1.0,
      4.075145686458291e-05,
      0.01471852228171584
    ],
    [
      1.0,
      1.0,
      0.0,
      0.4991921276457377,
      0.0,
      0.008,
      0.0,
      1.0,
      4.075145686458291e-05,
      0.01471852228171584
    ]
  ],
  "edge_index": [
    [
      0,
      0,
      0,
      1,
      1,
      2
    ],
    [
      1,
      2,
      41,
      2,
      41,
      41
    ]
  ],
  "is_terminal": false,
  "iteration": 18,
  "node_feature_dim": 15,
  "num_active_systems": 4,
  "num_edges": 6,
  "reward_signals": {
    "avg_f_change": 0.05896607768260509,
    "branching_factor": 44.49655902323298,
    "dead_end_ratio": 0.0,
    "delta_states": 3302,
    "did_shrink": false,
    "f_preservation_score": 0.9391447437824156,
    "f_stability_score": 0.9665308702626085,
    "f_stats": {
      "max": 14,
      "mean": 9.752545908142816,
      "min": 0,
      "std": 0.896105548396692,
      "valid_count": 48902
    },
    "f_value_stability": 0.9939169967428013,
    "growth_ratio": 1.0721244157092307,
    "h_star_after": 8,
    "h_star_before": 8,
    "h_star_delta": 0,
    "h_star_preservation": 1.0,
    "is_bad_merge": false,
    "is_good_merge": true,
    "is_solvable": true,
    "max_f_change": 0.05896607768260509,
    "merge_quality_score": 0.8743856615753574,
    "merged_size": 49084,
    "nodes_expanded": 48902,
    "num_active_systems": 4,
    "num_significant_f_changes": 0,
    "reachability_ratio": 0.9962920707358813,
    "search_depth": 2.75,
    "search_efficiency_score": 0.00370792926411867,
    "shrinkability": -0.07212441570923067,
    "solution_cost": 0,
    "solution_found": true,
    "solution_quality_score": 1.0,
    "state_control_score": 0.9244350872583164,
    "state_explosion_penalty": 0.07212441570923067,
    "states_after": 49084,
    "states_before": 45782,
    "theoretical_product_size": 45782,
    "total_dead_ends": 0,
    "total_goal_states": 22,
    "total_reachable": 48902,
    "total_states": 49084,
    "total_transitions": 8336110,
    "transition_density": 169.83355064786895,
    "transition_growth": 1.0,
    "weighted_h_preservation": 1.0,
    "weighted_shrinkability": 0.42787558429076933,
    "weighted_solvability": 1.0,
    "weighted_state_control": 0.9244350872583164,
    "weighted_total_score": 0.8418559135243556,
    "weights": {
      "h_preservation": 0.4,
      "shrinkability": 0.25,
      "solvability": 0.15,
      "state_control": 0.2
    }
  },
  "timestamp": 1764867133,
  "x": [
    [
      4.0751456253929064e-05,
      0.0,
      0.0,
      1.0,
      0.0,
      1.0,
      1.0,
      0.0,
      0.0,
      1.0,
      0.0,
      0.0793650820851326,
      0.6000000238418579,
      0.05000000074505806,
      0.4000000059604645
    ],
    [
      4.0751456253929064e-05,
      0.0,
      0.0,
      1.0,
      0.0,
      1.0,
      1.0,
      0.0,
      0.0,
      1.0,
      0.0,
      0.0793650820851326,
      0.6000000238418579,
      0.05000000074505806,
      0.4000000059604645
    ],
    [
      4.0751456253929064e-05,
      0.0,
      0.0,
      1.0,
      0.0,
      1.0,
      1.0,
      0.0,
      0.0,
      1.0,
      0.0,
      0.0793650820851326,
      0.6000000238418579,
      0.05000000074505806,
      0.4000000059604645
    ],
    [
      1.0,
      0.0,
      9.15888522285968e-05,
      1.0,
      0.00022413300757762045,
      1.0,
      1.0,
      0.0001630025071790442,
      0.0,
      0.0003260116500314325,
      1.928988058352843e-05,
      1.0,
      0.0028236242942512035,
      1.0,
      0.005887409206479788
    ]
  ]
}