{
  "edge_feature_dim": 10,
  "edge_features": [],
  "edge_index": [
    [],
    []
  ],
  "is_terminal": true,
  "iteration": 21,
  "node_feature_dim": 15,
  "num_active_systems": 1,
  "num_edges": 0,
  "reward_signals": {
    "avg_f_change": 0.10475258395896248,
    "branching_factor": 261.42876776095585,
    "dead_end_ratio": 0.0,
    "delta_states": -208,
    "did_shrink": true,
    "f_preservation_score": 0.8862063237489796,
    "f_stability_score": 0.9376758018109975,
    "f_stats": {
      "max": 16,
      "mean": 9.755170350009974,
      "min": 8,
      "std": 1.225318079512159,
      "valid_count": 45113
    },
    "f_value_stability": 0.9891452798730155,
    "growth_ratio": 0.9954642592350299,
    "h_star_after": 8,
    "h_star_before": 8,
    "h_star_delta": 0,
    "h_star_preservation": 1.0,
    "is_bad_merge": false,
    "is_good_merge": true,
    "is_solvable": true,
    "max_f_change": 0.12751712674712734,
    "merge_quality_score": 0.8992772323459384,
    "merged_size": 45650,
    "nodes_expanded": 45113,
    "num_active_systems": 1,
    "num_significant_f_changes": 0,
    "reachability_ratio": 0.9882365826944141,
    "search_depth": 9.0,
    "search_efficiency_score": 0.011763417305585944,
    "shrinkability": 0.004535740764970098,
    "solution_cost": 8,
    "solution_found": true,
    "solution_quality_score": 0.992,
    "state_control_score": 0.9882365826944141,
    "state_explosion_penalty": 0.0,
    "states_after": 45650,
    "states_before": 45858,
    "theoretical_product_size": 45858,
    "total_dead_ends": 0,
    "total_goal_states": 26,
    "total_reachable": 45113,
    "total_states": 45650,
    "total_transitions": 11793836,
    "transition_density": 258.3534720700986,
    "transition_growth": 1.0,
    "weighted_h_preservation": 1.0,
    "weighted_shrinkability": 0.5045357407649701,
    "weighted_solvability": 1.0,
    "weighted_state_control": 0.9882365826944141,
    "weighted_total_score": 0.8737812517301253,
    "weights": {
      "h_preservation": 0.4,
      "shrinkability": 0.25,
      "solvability": 0.15,
      "state_control": 0.2
    }
  },
  "timestamp": 1764867145,
  "x": [
    [
      1.0,
      0.0,
      0.00010116252087755129,
      0.9999123811721802,
      0.00024096385459415615,
      1.0,
      1.0,
      0.00017524260329082608,
      0.0,
      0.000569550902582705,
      2.42377573158592e-05,
      1.0,
      0.001076833694241941,
      1.0,
      0.0038703270256519318
    ]
  ]
}