{
  "edge_feature_dim": 10,
  "edge_features": [
    [
      1.0,
      1.0,
      0.0,
      0.06989700043360189,
      0.0,
      0.0,
      0.5,
      1.0,
      1.0,
      1.0
    ],
    [
      1.0,
      1.0,
      0.0,
      0.06989700043360189,
      0.0,
      0.0,
      0.5,
      1.0,
      1.0,
      1.0
    ],
    [
      1.0,
      1.0,
      0.0,
      0.06989700043360189,
      0.0,
      0.0,
      0.5,
      1.0,
      1.0,
      1.0
    ],
    [
      1.0,
      1.0,
      0.0,
      0.06989700043360189,
      0.0,
      0.0,
      0.5,
      1.0,
      1.0,
      1.0
    ],
    [
      1.0,
      1.0,
      0.0,
      0.06989700043360189,
      0.0,
      0.0,
      0.5,
      1.0,
      1.0,
      1.0
    ],
    [
      1.0,
      1.0,
      0.0,
      0.06989700043360189,
      0.0,
      0.0,
      0.5,
      1.0,
      1.0,
      1.0
    ],
    [
      1.0,
      1.0,
      0.0,
      0.06989700043360189,
      0.0,
      0.0,
      0.5,
      1.0,
      1.0,
      1.0
    ],
    [
      1.0,
      1.0,
      0.0,
      0.06989700043360189,
      0.0,
      0.0,
      0.5,
      1.0,
      1.0,
      1.0
    ],
    [
      1.0,
      1.0,
      0.0,
      0.06989700043360189,
      0.0,
      0.0,
      0.5,
      1.0,
      1.0,
      1.0
    ],
    [
      1.0,
      1.0,
      0.0,
      0.13979400086720378,
      0.0,
      0.002,
      0.0,
      1.0,
      0.16666666666666666,
      0.8823529411764706
    ],
    [
      1.0,
      1.0,
      0.0,
      0.13979400086720378,
      0.0,
      0.002,
      0.0,
      1.0,
      0.16666666666666666,
      0.8823529411764706
    ],
    [
      1.0,
      1.0,
      0.0,
      0.48341471964524774,
      0.0,
      0.008,
      0.0,
      1.0,
      5.860290670417253e-05,
      0.07157814198848307
    ],
    [
      1.0,
      1.0,
      0.0,
      0.06989700043360189,
      0.0,
      0.0,
      0.5,
      1.0,
      1.0,
      1.0
    ],
    [
      1.0,
      1.0,
      0.0,
      0.06989700043360189,
      0.0,
      0.0,
      0.5,
      1.0,
      1.0,
      1.0
    ],
    [
      1.0,
      1.0,
      0.0,
      0.06989700043360189,
      0.0,
      0.0,
      0.5,
      1.0,
      1.0,
      1.0
    ],
    [
      1.0,
      1.0,
      0.0,
      0.06989700043360189,
      0.0,
      0.0,
      0.5,
      1.0,
      1.0,
      1.0
    ],
    [
      1.0,
      1.0,
      0.0,
      0.06989700043360189,
      0.0,
      0.0,
      0.5,
      1.0,
      1.0,
      1.0
    ],
    [
      1.0,
      1.0,
      0.0,
      0.06989700043360189,
      0.0,
      0.0,
      0.5,
      1.0,
      1.0,
      1.0
    ],
    [
      1.0,
      1.0,
      0.0,
      0.06989700043360189,
      0.0,
      0.0,
      0.5,
      1.0,
      1.0,
      1.0
    ],
    [
      1.0,
      1.0,
      0.0,
      0.06989700043360189,
      0.0,
      0.0,
      0.5,
      1.0,
      1.0,
      1.0
    ],
    [
      1.0,
      1.0,
      0.0,
      0.13979400086720378,
      0.0,
      0.002,
      0.0,
      1.0,
      0.16666666666666666,
      0.8823529411764706
    ],
    [
      1.0,
      1.0,
      0.0,
      0.13979400086720378,
      0.0,
      0.002,
      0.0,
      1.0,
      0.16666666666666666,
      0.8823529411764706
    ],
    [
      1.0,
      1.0,
      0.0,
      0.48341471964524774,
      0.0,
      0.008,
      0.0,
      1.0,
      5.860290670417253e-05,
      0.07157814198848307
    ],
    [
      1.0,
      1.0,
      0.0,
      0.06989700043360189,
      0.0,
      0.0,
      0.5,
      1.0,
      1.0,
      1.0
    ],
    [
      1.0,
      1.0,
      0.0,
      0.06989700043360189,
      0.0,
      0.0,
      0.5,
      1.0,
      1.0,
      1.0
    ],
    [
      1.0,
      1.0,
      0.0,
      0.06989700043360189,
      0.0,
      0.0,
      0.5,
      1.0,
      1.0,
      1.0
    ],
    [
      1.0,
      1.0,
      0.0,
      0.06989700043360189,
      0.0,
      0.0,
      0.5,
      1.0,
      1.0,
      1.0
    ],
    [
      1.0,
      1.0,
      0.0,
      0.06989700043360189,
      0.0,
      0.0,
      0.5,
      1.0,
      1.0,
      1.0
    ],
    [
      1.0,
      1.0,
      0.0,
      0.06989700043360189,
      0.0,
      0.0,
      0.5,
      1.0,
      1.0,
      1.0
    ],
    [
      1.0,
      1.0,
      0.0,
      0.06989700043360189,
      0.0,
      0.0,
      0.5,
      1.0,
      1.0,
      1.0
    ],
    [
      1.0,
      1.0,
      0.0,
      0.13979400086720378,
      0.0,
      0.002,
      0.0,
      1.0,
      0.16666666666666666,
      0.8823529411764706
    ],
    [
      1.0,
      1.0,
      0.0,
      0.13979400086720378,
      0.0,
      0.002,
      0.0,
      1.0,
      0.16666666666666666,
      0.8823529411764706
    ],
    [
      1.0,
      1.0,
      0.0,
      0.48341471964524774,
      0.0,
      0.008,
      0.0,
      1.0,
      5.860290670417253e-05,
      0.07157814198848307
    ],
    [
      1.0,
      1.0,
      0.0,
      0.06989700043360189,
      0.0,
      0.0,
      0.5,
      1.0,
      1.0,
      1.0
    ],
    [
      1.0,
      1.0,
      0.0,
      0.06989700043360189,
      0.0,
      0.0,
      0.5,
      1.0,
      1.0,
      1.0
    ],
    [
      1.0,
      1.0,
      0.0,
      0.06989700043360189,
      0.0,
      0.0,
      0.5,
      1.0,
      1.0,
      1.0
    ],
    [
      1.0,
      1.0,
      0.0,
      0.06989700043360189,
      0.0,
      0.0,
      0.5,
      1.0,
      1.0,
      1.0
    ],
    [
      1.0,
      1.0,
      0.0,
      0.06989700043360189,
      0.0,
      0.0,
      0.5,
      1.0,
      1.0,
      1.0
    ],
    [
      1.0,
      1.0,
      0.0,
      0.06989700043360189,
      0.0,
      0.0,
      0.5,
      1.0,
      1.0,
      1.0
    ],
    [
      1.0,
      1.0,
      0.0,
      0.13979400086720378,
      0.0,
      0.002,
      0.0,
      1.0,
      0.16666666666666666,
      0.8823529411764706
    ],
    [
      1.0,
      1.0,
      0.0,
      0.13979400086720378,
      0.0,
      0.002,
      0.0,
      1.0,
      0.16666666666666666,
      0.8823529411764706
    ],
    [
      1.0,
      1.0,
      0.0,
      0.48341471964524774,
      0.0,
      0.008,
      0.0,
      1.0,
      5.860290670417253e-05,
      0.07157814198848307
    ],
    [
      1.0,
      1.0,
      0.0,
      0.06989700043360189,
      0.0,
      0.0,
      0.5,
      1.0,
      1.0,
      1.0
    ],
    [
      1.0,
      1.0,
      0.0,
      0.06989700043360189,
      0.0,
      0.0,
      0.5,
      1.0,
      1.0,
      1.0
    ],
    [
      1.0,
      1.0,
      0.0,
      0.06989700043360189,
      0.0,
      0.0,
      0.5,
      1.0,
      1.0,
      1.0
    ],
    [
      1.0,
      1.0,
      0.0,
      0.06989700043360189,
      0.0,
      0.0,
      0.5,
      1.0,
      1.0,
      1.0
    ],
    [
      1.0,
      1.0,
      0.0,
      0.06989700043360189,
      0.0,
      0.0,
      0.5,
      1.0,
      1.0,
      1.0
    ],
    [
      1.0,
      1.0,
      0.0,
      0.13979400086720378,
      0.0,
      0.002,
      0.0,
      1.0,
      0.16666666666666666,
      0.8823529411764706
    ],
    [
      1.0,
      1.0,
      0.0,
      0.13979400086720378,
      0.0,
      0.002,
      0.0,
      1.0,
      0.16666666666666666,
      0.8823529411764706
    ],
    [
      1.0,
      1.0,
      0.0,
      0.48341471964524774,
      0.0,
      0.008,
      0.0,
      1.0,
      5.860290670417253e-05,
      0.07157814198848307
    ],
    [
      1.0,
      1.0,
      0.0,
      0.06989700043360189,
      0.0,
      0.0,
      0.5,
      1.0,
      1.0,
      1.0
    ],
    [
      1.0,
      1.0,
      0.0,
      0.06989700043360189,
      0.0,
      0.0,
      0.5,
      1.0,
      1.0,
      1.0
    ],
    [
      1.0,
      1.0,
      0.0,
      0.06989700043360189,
      0.0,
      0.0,
      0.5,
      1.0,
      1.0,
      1.0
    ],
    [
      1.0,
      1.0,
      0.0,
      0.06989700043360189,
      0.0,
      0.0,
      0.5,
      1.0,
      1.0,
