{
  "edge_feature_dim": 10,
  "edge_features": [
    [
      1.0,
      1.0,
      0.0,
      0.06989700043360189,
      0.0,
      0.0,
      0.5,
      1.0,
      1.0,
      1.0
    ],
    [
      1.0,
      1.0,
      0.0,
      0.06989700043360189,
      0.0,
      0.0,
      0.5,
      1.0,
      1.0,
      1.0
    ],
    [
      1.0,
      1.0,
      0.0,
      0.06989700043360189,
      0.0,
      0.0,
      0.5,
      1.0,
      1.0,
      1.0
    ],
    [
      1.0,
      1.0,
      0.0,
      0.06989700043360189,
      0.0,
      0.0,
      0.5,
      1.0,
      1.0,
      1.0
    ],
    [
      1.0,
      1.0,
      0.0,
      0.06989700043360189,
      0.0,
      0.0,
      0.5,
      1.0,
      1.0,
      1.0
    ],
    [
      1.0,
      1.0,
      0.0,
      0.06989700043360189,
      0.0,
      0.0,
      0.5,
      1.0,
      1.0,
      1.0
    ],
    [
      1.0,
      1.0,
      0.0,
      0.49835947173231954,
      0.0,
      0.008,
      0.0,
      1.0,
      4.154031487558676e-05,
      0.04881020932854281
    ],
    [
      1.0,
      1.0,
      0.0,
      0.06989700043360189,
      0.0,
      0.0,
      0.5,
      1.0,
      1.0,
      1.0
    ],
    [
      1.0,
      1.0,
      0.0,
      0.06989700043360189,
      0.0,
      0.0,
      0.5,
      1.0,
      1.0,
      1.0
    ],
    [
      1.0,
      1.0,
      0.0,
      0.06989700043360189,
      0.0,
      0.0,
      0.5,
      1.0,
      1.0,
      1.0
    ],
    [
      1.0,
      1.0,
      0.0,
      0.06989700043360189,
      0.0,
      0.0,
      0.5,
      1.0,
      1.0,
      1.0
    ],
    [
      1.0,
      1.0,
      0.0,
      0.06989700043360189,
      0.0,
      0.0,
      0.5,
      1.0,
      1.0,
      1.0
    ],
    [
      1.0,
      1.0,
      0.0,
      0.49835947173231954,
      0.0,
      0.008,
      0.0,
      1.0,
      4.154031487558676e-05,
      0.04881020932854281
    ],
    [
      1.0,
      1.0,
      0.0,
      0.06989700043360189,
      0.0,
      0.0,
      0.5,
      1.0,
      1.0,
      1.0
    ],
    [
      1.0,
      1.0,
      0.0,
      0.06989700043360189,
      0.0,
      0.0,
      0.5,
      1.0,
      1.0,
      1.0
    ],
    [
      1.0,
      1.0,
      0.0,
      0.06989700043360189,
      0.0,
      0.0,
      0.5,
      1.0,
      1.0,
      1.0
    ],
    [
      1.0,
      1.0,
      0.0,
      0.06989700043360189,
      0.0,
      0.0,
      0.5,
      1.0,
      1.0,
      1.0
    ],
    [
      1.0,
      1.0,
      0.0,
      0.49835947173231954,
      0.0,
      0.008,
      0.0,
      1.0,
      4.154031487558676e-05,
      0.04881020932854281
    ],
    [
      1.0,
      1.0,
      0.0,
      0.06989700043360189,
      0.0,
      0.0,
      0.5,
      1.0,
      1.0,
      1.0
    ],
    [
      1.0,
      1.0,
      0.0,
      0.06989700043360189,
      0.0,
      0.0,
      0.5,
      1.0,
      1.0,
      1.0
    ],
    [
      1.0,
      1.0,
      0.0,
      0.06989700043360189,
      0.0,
      0.0,
      0.5,
      1.0,
      1.0,
      1.0
    ],
    [
      1.0,
      1.0,
      0.0,
      0.49835947173231954,
      0.0,
      0.008,
      0.0,
      1.0,
      4.154031487558676e-05,
      0.04881020932854281
    ],
    [
      1.0,
      1.0,
      0.0,
      0.06989700043360189,
      0.0,
      0.0,
      0.5,
      1.0,
      1.0,
      1.0
    ],
    [
      1.0,
      1.0,
      0.0,
      0.06989700043360189,
      0.0,
      0.0,
      0.5,
      1.0,
      1.0,
      1.0
    ],
    [
      1.0,
      1.0,
      0.0,
      0.49835947173231954,
      0.0,
      0.008,
      0.0,
      1.0,
      4.154031487558676e-05,
      0.04881020932854281
    ],
    [
      1.0,
      1.0,
      0.0,
      0.06989700043360189,
      0.0,
      0.0,
      0.5,
      1.0,
      1.0,
      1.0
    ],
    [
      1.0,
      1.0,
      0.0,
      0.49835947173231954,
      0.0,
      0.008,
      0.0,
      1.0,
      4.154031487558676e-05,
      0.04881020932854281
    ],
    [
      1.0,
      1.0,
      0.0,
      0.49835947173231954,
      0.0,
      0.008,
      0.0,
      1.0,
      4.154031487558676e-05,
      0.04881020932854281
    ]
  ],
  "edge_index": [
    [
      0,
      0,
      0,
      0,
      0,
      0,
      0,
      1,
      1,
      1,
      1,
      1,
      1,
      2,
      2,
      2,
      2,
      2,
      3,
      3,
      3,
      3,
      4,
      4,
      4,
      5,
      5,
      6
    ],
    [
      1,
      2,
      3,
      4,
      5,
      6,
      37,
      2,
      3,
      4,
      5,
      6,
      37,
      3,
      4,
      5,
      6,
      37,
      4,
      5,
      6,
      37,
      5,
      6,
      37,
      6,
      37,
      37
    ]
  ],
  "is_terminal": false,
  "iteration": 14,
  "node_feature_dim": 15,
  "num_active_systems": 8,
  "num_edges": 28,
  "reward_signals": {
    "avg_f_change": 0.0719774594070941,
    "branching_factor": 8.59783772823691,
    "dead_end_ratio": 0.0,
    "delta_states": 804,
    "did_shrink": false,
    "f_preservation_score": 0.8938449255265021,
    "f_stability_score": 0.943233317841684,
    "f_stats": {
      "max": 13,
      "mean": 9.683326403326403,
      "min": 0,
      "std": 0.7866139410239815,
      "valid_count": 48100
    },
    "f_value_stability": 0.9926217101568658,
    "growth_ratio": 1.0169777852859194,
    "h_star_after": 8,
    "h_star_before": 8,
    "h_star_delta": 0,
    "h_star_preservation": 1.0,
    "is_bad_merge": false,
    "is_good_merge": true,
    "is_solvable": true,
    "max_f_change": 0.07827674434754062,
    "merge_quality_score": 0.8939331904323202,
    "merged_size": 48160,
    "nodes_expanded": 48100,
    "num_active_systems": 8,
    "num_significant_f_changes": 0,
    "reachability_ratio": 0.9987541528239202,
    "search_depth": 1.875,
    "search_efficiency_score": 0.001245847176079784,
    "shrinkability": -0.016977785285919422,
    "solution_cost": 0,
    "solution_found": true,
    "solution_quality_score": 1.0,
    "state_control_score": 0.9817975192638554,
    "state_explosion_penalty": 0.016977785285919422,
    "states_after": 48160,
    "states_before": 47356,
    "theoretical_product_size": 47356,
    "total_dead_ends": 0,
    "total_goal_states": 18,
    "total_reachable": 48100,
    "total_states": 48160,
    "total_transitions": 2466015,
    "transition_density": 51.2046303986711,
    "transition_growth": 1.0,
    "weighted_h_preservation": 1.0,
    "weighted_shrinkability": 0.4830222147140806,
    "weighted_solvability": 1.0,
    "weighted_state_control": 0.9817975192638554,
    "weighted_total_score": 0.8671150575312914,
    "weights": {
      "h_preservation": 0.4,
      "shrinkability": 0.25,
      "solvability": 0.15,
      "state_control": 0.2
    }
  },
  "timestamp": 1764867127,