{
  "edge_feature_dim": 10,
  "edge_features": [
    [
      1.0,
      1.0,
      0.0,
      0.06989700043360189,
      0.0,
      0.0,
      0.5,
      1.0,
      1.0,
      1.0
    ],
    [
      1.0,
      1.0,
      0.0,
      0.06989700043360189,
      0.0,
      0.0,
      0.5,
      1.0,
      1.0,
      1.0
    ],
    [
      1.0,
      1.0,
      0.0,
      0.06989700043360189,
      0.0,
      0.0,
      0.5,
      1.0,
      1.0,
      1.0
    ],
    [
      1.0,
      1.0,
      0.0,
      0.06989700043360189,
      0.0,
      0.0,
      0.5,
      1.0,
      1.0,
      1.0
    ],
    [
      1.0,
      1.0,
      0.0,
      0.48607271995977464,
      0.0,
      0.008,
      0.0,
      1.0,
      5.512375282509233e-05,
      0.024757954521571396
    ],
    [
      1.0,
      1.0,
      0.0,
      0.06989700043360189,
      0.0,
      0.0,
      0.5,
      1.0,
      1.0,
      1.0
    ],
    [
      1.0,
      1.0,
      0.0,
      0.06989700043360189,
      0.0,
      0.0,
      0.5,
      1.0,
      1.0,
      1.0
    ],
    [
      1.0,
      1.0,
      0.0,
      0.06989700043360189,
      0.0,
      0.0,
      0.5,
      1.0,
      1.0,
      1.0
    ],
    [
      1.0,
      1.0,
      0.0,
      0.48607271995977464,
      0.0,
      0.008,
      0.0,
      1.0,
      5.512375282509233e-05,
      0.024757954521571396
    ],
    [
      1.0,
      1.0,
      0.0,
      0.06989700043360189,
      0.0,
      0.0,
      0.5,
      1.0,
      1.0,
      1.0
    ],
    [
      1.0,
      1.0,
      0.0,
      0.06989700043360189,
      0.0,
      0.0,
      0.5,
      1.0,
      1.0,
      1.0
    ],
    [
      1.0,
      1.0,
      0.0,
      0.48607271995977464,
      0.0,
      0.008,
      0.0,
      1.0,
      5.512375282509233e-05,
      0.024757954521571396
    ],
    [
      1.0,
      1.0,
      0.0,
      0.06989700043360189,
      0.0,
      0.0,
      0.5,
      1.0,
      1.0,
      1.0
    ],
    [
      1.0,
      1.0,
      0.0,
      0.48607271995977464,
      0.0,
      0.008,
      0.0,
      1.0,
      5.512375282509233e-05,
      0.024757954521571396
    ],
    [
      1.0,
      1.0,
      0.0,
      0.48607271995977464,
      0.0,
      0.008,
      0.0,
      1.0,
      5.512375282509233e-05,
      0.024757954521571396
    ]
  ],
  "edge_index": [
    [
      0,
      0,
      0,
      0,
      0,
      1,
      1,
      1,
      1,
      2,
      2,
      2,
      3,
      3,
      4
    ],
    [
      1,
      2,
      3,
      4,
      39,
      2,
      3,
      4,
      39,
      3,
      4,
      39,
      4,
      39,
      39
    ]
  ],
  "is_terminal": false,
  "iteration": 16,
  "node_feature_dim": 15,
  "num_active_systems": 6,
  "num_edges": 15,
  "reward_signals": {
    "avg_f_change": 0.02077085273863233,
    "branching_factor": 18.95292757947471,
    "dead_end_ratio": 0.0,
    "delta_states": -7992,
    "did_shrink": true,
    "f_preservation_score": 0.9965102088259932,
    "f_stability_score": 0.9971696648557196,
    "f_stats": {
      "max": 13,
      "mean": 9.547174501463846,
      "min": 0,
      "std": 0.8583117464333079,
      "valid_count": 36206
    },
    "f_value_stability": 0.997829120885446,
    "growth_ratio": 0.8195284978773372,
    "h_star_after": 8,
    "h_star_before": 8,
    "h_star_delta": 0,
    "h_star_preservation": 1.0,
    "is_bad_merge": false,
    "is_good_merge": true,
    "is_solvable": true,
    "max_f_change": 0.02077085273863233,
    "merge_quality_score": 0.9178101833876218,
    "merged_size": 36292,
    "nodes_expanded": 36206,
    "num_active_systems": 6,
    "num_significant_f_changes": 0,
    "reachability_ratio": 0.9976303317535545,
    "search_depth": 2.1666666666666665,
    "search_efficiency_score": 0.0023696682464454666,
    "shrinkability": 0.18047150212266283,
    "solution_cost": 0,
    "solution_found": true,
    "solution_quality_score": 1.0,
    "state_control_score": 0.9976303317535545,
    "state_explosion_penalty": 0.0,
    "states_after": 36292,
    "states_before": 44284,
    "theoretical_product_size": 44284,
    "total_dead_ends": 0,
    "total_goal_states": 14,
    "total_reachable": 36206,
    "total_states": 36292,
    "total_transitions": 3663696,
    "transition_density": 100.950512509644,
    "transition_growth": 1.0,
    "weighted_h_preservation": 1.0,
    "weighted_shrinkability": 0.6804715021226628,
    "weighted_solvability": 1.0,
    "weighted_state_control": 0.9976303317535545,
    "weighted_total_score": 0.9196439418813767,
    "weights": {
      "h_preservation": 0.4,
      "shrinkability": 0.25,
      "solvability": 0.15,
      "state_control": 0.2
    }
  },
  "timestamp": 1764867129,
  "x": [
    [
      5.5123753554653376e-05,
      0.0,
      0.0,
      1.0,
      0.0,
      1.0,
      1.0,
      0.0,
      0.0,
      1.0,
      0.0,
      0.03875968977808952,
      0.6000000238418579,
      0.05000000074505806,
      0.4000000059604645
    ],
    [
      5.5123753554653376e-05,
      0.0,
      0.0,
      1.0,
      0.0,
      1.0,
      1.0,
      0.0,
      0.0,
      1.0,
      0.0,
      0.03875968977808952,
      0.6000000238418579,
      0.05000000074505806,
      0.4000000059604645
    ],
    [
      5.5123753554653376e-05,
      0.0,
      0.0,
      1.0,
      0.0,
      1.0,
      1.0,
      0.0,
      0.0,
      1.0,
      0.0,
      0.03875968977808952,
      0.6000000238418579,
      0.05000000074505806,
      0.4000000059604645
    ],
    [
      5.5123753554653376e-05,
      0.0,
      0.0,
      1.0,
      0.0,
      1.0,
      1.0,
      0.0,
      0.0,
      1.0,
      0.0,
      0.03875968977808952,
      0.6000000238418579,
      0.05000000074505806,
      0.4000000059604645
    ],
    [
      5.5123753554653376e-05,
      0.0,
      0.0,
      1.0,
      0.0,
      1.0,
      1.0,
      0.0,
      0.0,
      1.0,
      0.0,
      0.03875968977808952,
      0.6000000238418579,
      0.05000000074505806,
      0.4000000059604645
    ],
    [
      1.0,
      0.0,
      0.00011725362855941057,
      1.0,
      0.00030318062636069953,
      1.0,
      1.0,
      0.00022048893151804805,
      0.0,
      0.00011024750710930675,
      2.4881706849555485e-05,
      1.0,
      0.004221994895488024,
      0.8999999761581421,
      0.00990318227559328
    ]
  ]
}